×Ö°×©×Ö·×¢Ö°×Öµ×	mesha'amÃ¨m	boring
×¢Ö¸×¡×•Ö¼×§	asÃ¹k	busy
×“×•×‘×“×‘×Ÿ		cherry ğŸ’
×¡Ö·×›Ö¼×•Ö¼"×	sakÃ¹m	cutlery
×ªÖ¼Öµ×™××•Ö¼×¨	te'Ã¹r	description
×¦Ö´×™Ö¼×•Ö¼×¨	tziyÃ¹r	drawing
× Ö°×§Öµ×‘Ö¸×”	nekevÃ 	feminine, female
×‘×¨××© ×•×‘×¨××©×•× ×”		first and foremost
×™Ö·×¢Ö·×¨	yÃ 'ar	forest
××•Ö¹×¨Öµ×—Ö·	orÃ¨ach	guest
×Ö°×—Ö·×™Ö¼Öµ×™×šÖ°	mechayÃ¨ch	he smiles
×‘Ö¼Ö´×™×˜Ö¼×•Ö¼×—Ö·	bitÃ¹ach	insurance
×¢Ö´× Ö°×™Ö¸×™×Ÿ	inyÃ n	interest
×¡Ö·×›Ö¼Ö´×™×Ÿ	sakÃ¬n	knife
×¢Ö·×¦Ö°×œÖ¸×Ÿ	atzlÃ n	lazy
× Ö¸××•Ö¼×šÖ°	namÃ¹ch	low
××¦×‘ ×¨×•×—		mood
××—×ª ×•×œ×ª××™×“		once for all
× ×™×™×¨	neyar	paper
××•Ö¼×ªÖ¼Ö¸×¨	mutÃ r	permitted
×”Ö²× Ö¸×Ö¸×”	hana'Ã 	pleasure
×™× ×¡×•×£	yam suf	red sea
×˜Ö·×‘Ö¼Ö·×¢Ö·×ª	tabÃ 'at	ring
×Ö¸××•Ö¼×¨	amÃ¹r	should, supposed to
×Ö´×§Ö°×œÖ·×—Ö·×ª	miklÃ chat	shower
×¢×¨×‘ ×”×©× ×” ×”×—×“×©×”		Silvester
×‘×§×¨×•×‘		soon
×—Ö¸×¨Ö´×™×£	charÃ¬f	spicy (hot)
×‘Ö¼Ö¸×˜×•Ö¼×—Ö·	batÃ¹ach	sure, secure
×œÖ·×¢Ö²×¨×•Ö¹×šÖ°	la'arÃ²ch	to arrange, organize; edit
×œÖ°×”Ö·×¡Ö°×¤Ö¼Ö´×™×§	lehaspÃ¬k	to be sufficient; manage
×œÖ°×”Ö·×©×Ö°×•×•Ö¹×ª	lehashvÃ²t	to compare
×œÖµ×™×”Ö¸× ×•×ª	lehanÃ²t	to enjoy
×œÖ°×”Ö´×ªÖ°×¨Ö·×’Ö¼Öµ×©×	lehitragÃ¨sh	to get excited
×œÖ·×—Ö²×œ×•Ö¹×£	lachalÃ²f	to move past
×œÖ°×”Ö·×©×‚Ö¼Ö´×™×’	lehasÃ¬g	to obtain, achieve (goal)
×œÖ°×”Ö·× Ö¼Ö´×™×—Ö·	lehanÃ¬ach	to place, put; assume, guess
×œÖ°×”Ö·×Ö°×œÖ´×™×¥	lehamlÃ¬tz	to recommend, advise, suggest
×œÖ°×—Ö·×™Ö¼Öµ×™×šÖ°	lechayÃ¨ch	to smile
×œÖ°×”Ö·×¤Ö°×¡Ö´×™×§	lehafsÃ¬k	to stop, quit
×œÖ°×”Ö´×ªÖ°×¨Ö·×—Öµ×¥	lehitrachÃ¨tz	to wash oneself, bathe
×œÖ´×¨Ö°×—×•Ö¹×¥	lirchÃ²tz	to wash, bathe
×œÖ´×©×Ö°×˜×•Ö¹×£	lishtÃ²f	to wash, rinse
×Ö·×’Ö¼Ö¶×‘Ö¶×ª	magÃ¨vet	towel
×Ö°×›×•Ö¹×¢Ö¸×¨	mecho'Ã r	ugly
×Öµ×™×œ×•Ö¼	Ã¨ilu	which (pl.)?
×Ö´×’Ö°×¨Ö¸×©×	migrÃ sh	(playing) field
×”Ö¶×™×©×‚Ö¼Öµ×’	hesÃ¨g	achievement
×”Ö·×¨Ö°×¤Ö¼Ö·×ªÖ°×§Ö¸×”		adventure
×›Ö¼Ö¹×œ ×¢×•Ö¹×“		as long as
×›Ö¼Ö¸×¨Ö¸××•Ö¼×™		as required, properly
×¤Ö¼Ö¸×’×•Ö¼×	pagÃ¹m	defective, damaged, flawed
×Ö´×¤Ö°×œÖ¶×¦Ö¶×ª	miflÃ¨tzet	monster
×›Ö¼Ö¸×ªÖµ×£	katÃ¨f	shoulder
×¡Ö´×™×›Ö¼×•Ö¼×	sikÃ¹m	summary, conclusion
×œÖ·×¢Ö²×§×•Ö¹×£	la'akÃ²f	to evade, bypass
×œÖ°×”Ö´×ªÖ°×¨Ö·×—Öµ×©×	lehitrachÃ¨sh	to happen, occur
×§×œ×™×˜×”		absorption
××§×¨×™		accidental
×Ö°×œ×•Ö¼×•Ö¶×”		accompanied
×—Ö¸××•Ö¼×©×	chamÃ¹sh	armed
×”Ö¶×¡×“Öµ×¨		arrangement, settlement
×—×¥		arrow
×”Ö¶×™×‘Ö¼Öµ×˜	hebÃ¨t	aspect
×“Ö°×‘×•Ö¹×¨Ö¸×”		bee
×¤Ö¼Ö°×¦Ö¸×¦Ö¸×”	ptzatzÃ 	bomb
×ª×—×ª×™×ª		bottom
×–Öµ×¨		bouquet ğŸ’
×©××•Ö¹×¨	shÃ²r	bull
×§Ö¸×”Ö´×™×¨		Cairo
×©×Ö¸×œÖµ×•		calm, peaceful
×¤Ö¼Ö·×—×Ö¸×Ÿ		carbon
×©×Ö·×¨Ö°×©×Ö¶×¨Ö¶×ª	sharshÃ¨ret	chain, necklace
×¢×™×™×¨×”		city hall
×¢Ö´×™×¨×•Ö¹× Ö´×™		city resident
×—Ö·××•Ö¼×œÖ¸×”		clan
×ª×•××¨ ××§×“××™		college degree
×¦×‘×¢×•× ×™		colourful
×¨×™×›×•×–		concentration
×‘Ö¼Ö·×™Ö´×ª ×Ö°×©××•Ö¼×ªÖ¸×£		condominium
×¡Ö°×Ö´×™×›×•Ö¼×ª		construct state
××’× ×™×‘		cool (slang)
×—Ö²××•Ö¼×“Ö´×™		cutie, sweetheart
×¨×§×“×Ÿ		dancer
×©Ö¸××—×•Ö¼×		dark brown
×’Ö¼Ö¸×œ×•Ö¼×ª	galÃ¹t	diaspora
×‘Ö¼Ö·×Ö¼Ö·××™	bamÃ y	director (film)
×Ö¶×¨Ö°×—Ö¸×§ ×¢Ö·×“ ×œÖ°×™Ö·×¢Ö·×“		distance to destination
××¨×•×—×§		distant
×‘×•×‘×”		doll
×¡×		drug
××–×¨×—×™		eastern
×—Ö·×©××Ö·×œÖ·××™		electrician
×¢×•×‘×“		employee
×™Öµ×©××•Ö¼×ª		entity, being; existence
×××•×œ×¥		forced
×œÖ¸×¢Ö·×“		forever
×§Ö¶×¨Ö¶×Ÿ	kÃ¨ren	fund, foundation
×¢Ö¶×§Ö°×¨×•Ö¹× Ö´×™		fundamental, basic
×‘Ö°Ö¼× ×•Ö¹×¡Ö·×£ ×¢×œ ×›×š		furthermore
×¢Ö¸×ªÖ´×™×“Ö´×™		future (adj.)
×—Ö²×‘×•Ö¼×¨Ö¸×”		gang
×’Ö·× Ö¸×Ÿ		gardener
×’Ö·Ö¼×œÖ°×’Ö·Ö¼×œ ×©Ö´×× Ö·Ö¼×™Ö´×		gear wheel
×Ö¶×‘Ö¶×Ÿ ×—Öµ×Ÿ		gem, jewel
×¢Ö²× Ö¸×§Ö´×™		gigantic, immense
× ×ª×•×Ÿ		given
×“Ö¸×’Ö¸×Ÿ		grain, corn, cereal
× Ö´×™×Ÿ		great-grandson
×Ö°×”Ö´×™×¨×•Ö¼×ª ×§Ö·×¨×§Ö·×¢		ground velocity
××©××¨		guard
×Öµ×™× Ö°×¡×•Ö¹×¤Ö´×™		infinite
×Öµ×™× Ö°×¡×•Ö¹×£		infinity
×”Ö·×©×Ö°×¤Ö¼Ö¸×¢Ö¸×”	hashpa'Ã 	influence
×ªÖ¼Ö·×©×Ö°×ªÖ¼Ö´×™×ª	tashtÃ¬t	infrastructure
×”Ö´×™×¤Ö¼×•Ö¼×šÖ°		inversion
×™Öµ×©××•Ö¼		Jesus
×‘×™×ª ××©×¤×˜		lawcourt
×‘×¨×§		lightning
×”Ö¶×’×™×•Ö¹× Ö´×™		logical, reasonable
×–××Ÿ ×¨×‘		long time
×Ö·×‘Ö¼Ö¸×˜	mabÃ t	look, sight
×¨×		loud
×”×Ö·×¢Ö²×Ö¸×“ ×”× Ö¸××•Ö¼×š		lower class
×¢Ö¸×©×‚×•Ö¼×™ ×Ö¾		made of
×˜Öµ×™×¨×•Ö¼×£	terÃ¹f	madness
×›Ö¼Ö°×ªÖ·×‘ ×¢Öµ×ª		magazine, journal
×™Ö¸× ×ªÖ´×™×›×•Ö¹× Ö´×™		mediterranean (adj)
×ªÖ´×™×›×•Ö¹× Ö´×™		middle (adj.)
×œÖ·×—×•Ö¼×ª		moisture
×‘Ö¼Ö°×©×‚×•Ö¹×¨Ö¸×”		news
×™×•Ö¹× Ö¸×”		pigeon
×˜Ö·×™Ö¸×™×¡		pilot
×ªÖ¼Ö·×¢Ö²××•Ö¼×œÖ¸×”	ta'amulÃ 	propaganda
×–×•Ö¹× Ö¸×”		prostitute
×’Ö¼Ö¶×–Ö·×¢	gÃ¨za	race (biology)
×’Ö¼Ö´×–Ö°×¢Ö¸× ×•Ö¼×ª	giz'anÃ¹t	racism
×Ö°×§Ö·×‘Ö¼Öµ×œ		receiver
×’×™×•×¡		recruitment
×™Ö·×—Ö²×¡Ö´×™×ª		relatively
×¢×™×ª×•× ××™		reporter, journalist
×”×ª× ×’×“×•×ª		resistance
×§Ö¶×¦Ö¶×‘	kÃ¨tzev	rhythm, pace, speed, rate
×¨×›×™×‘×”		riding
× Ö´×¤Ö°×¨Ö¸×“		separate, individual
×©×™×ª×•×£		sharing
×¦×“×“×™		side
×Ö°×”Ö´×™×¨×•Ö¼×ª ×”Ö¸××•Ö¹×¨		speed of light
×¢Ö·××•Ö¼×“ ×”Ö·×©×Ö´×“×¨Ö¸×”		spine
×Ö°×¨Ö·×’Öµ×œ		spy
×‘Ö¼Ö¸×Ö¸×”	bamÃ 	stage, platform, podium
×›Ö¼Ö¶×ªÖ¶×	kÃ¨tem	stain
×Ö´× Ö¼×•Ö¼×™	minÃ¹y	subscription
×‘×˜×˜×”		sweet potato
×¡×•Ö¼×¨×™Ö¸×”		Syria
×’× ×‘		thief
×Ö²×’×•Ö¼×“Ö¸×œ	agudÃ l	thumb
×˜Ö°×‘Ö¶×¨Ö°×™Ö¸×”		Tiberias
×œÖ°×¤Ö·×—Öµ×“		to fear
×œÖ°×”Ö·×–Ö°×›Ö¼Ö´×™×¨		to remind
×œÖ´×“Ö°××•Ö¹×ª		to resemble, be like smth
×Ö°×˜Ö·×™×™Ö¼Öµ×œ		tourist
×Ö´×’Ö°×“Ö¸×œ ×“×•×“		tower of David
×‘Ö¼Öµ×™×ª ×“Ö´×™×Ÿ		tribunal
×”×Ö·×¢Ö²×Ö¸×“ ×”×¢Ö¶×œÖ°×™×•Ö¹×Ÿ		upper class
×Ö·×¤Ö¼Ö¸×œ	mapÃ l	waterfall
×—×•Ö¼×œÖ°×©×Ö¸×”	chulshÃ 	weakness
×—Ö¸×ªÖ´×™×šÖ°	chatÃ¬ch	well build man, handsome
×—Ö²×ªÖ´×™×›Ö¸×”	chatichÃ 	well build woman
×¨Ö¸×˜×•Ö¹×‘	ratÃ²v	wet
×›Ö´Ö¼×™×¡ÖµÖ¼× ×’Ö·Ö¼×œÖ°×’Ö·Ö¼×œÖ´Ö¼×™×		wheelchair
×œÖ¸×—Ö·×©×	lachÃ sh	whisper
×”Ö´×¡Ö°×¤Ö¼Ö´×™×§	hispÃ¬k	he succeeded, managed
×§×¨×•×‘ ×œ×•×•×“Ö·××™		almost certainly
××•×× ×		although, indeed, truly
×Ö·×“Ö°×”Ö´×™×	madhÃ¬m	amazing, incredible
×Ö·×“Ö¼Ö´×™×¨	adÃ¬r	awesome; huge, mighty, great, powerful
×œÖ´×¤Ö°× Öµ×™ ×›Ö¼Öµ×Ÿ		before that
×¡Ö°× Ö´×™×£	snÃ¬f	branch (office)
×¤Ö¼Ö°×¨Ö´×™×¦Ö·×ª ×“×¨×š		breakthrough
×—×–×”		chest
×›×¨×˜×™×¡ ××©×¨××™		credit card
×œÖ¸×§×•Ö¹×—Ö·	lakÃ²ach	customer, client
×Ö¸×—×•Ö¹×–		district, province
×Ö·×Ö²×Ö¸×¥	ma'amÃ tz	effort
×ªÖ¼Öµ×™×¨×•Ö¼×¥	terÃ¹tz	excuse, pretext
××•Ö¼×¡Ö¸×šÖ°		garage, auto repair
×”Ö´×ªÖ°×¢Ö¸×¨Ö°×‘×•Ö¼×ª	hit'arvÃ¹t	intervention; bet
×Ö·×ªÖ¼Ö¶×›Ö¶×ª	matÃ¨chet	metal
×“Ö¼Ö¶×’Ö¶×	dÃ¨gem	model
××•Ö¼×¡Ö·×¨ ×”Ö·×©Ö°×‚×›ÖµÖ¼×œ		moral
×œÖ¸×—×•Ö¼×¥	lachÃ¹tz	nervous, stressed out
×Ö°×ªÖ·×›Ö°× Öµ×ª	metachnÃ¨t	programmer
×›Ö¼Ö´×™×©×Ö¼×•Ö¼×¨Ö´×™×	kishurÃ¬m	qualifications, capacity, skills
×”Ö·×’Ö°×‘Ö¼Ö¸×œÖ¸×”	hagbalÃ 	restriction
×¡Ö´×™×¤Ö¼×•Ö¼×§	sipÃ¹k	satisfaction
×¢×•Ö¹×“ ×Ö°×¢Ö·×˜		soon, shortly
× Ö°×˜Ö´×™Ö¼Ö¸×™×”	netiyÃ 	tendency, trend; verb conjugation
×Ö¸×—Ö³×¨Ö¸×ªÖ·×™Ö´×™×		the day after tomorrow
×©Ö´××œ×©××•Ö¹×		the day before yesterday
×œÖ°×¤Ö¸×¨Öµ×˜	lefarÃ¨t	to describe, detail, elaborate
×œÖ°×•Ö·×•Ö¹×ªÖ¼Öµ×¨	levatÃ¨r	to give up, concede
×œÖ°× Ö·×—Öµ×©×	lenachÃ¨sh	to guess
×œÖ°×”Ö·×¡Ö°×ªÖ¼Ö´×™×¨	lehastÃ¬r	to hide (s.thing), cover; block view
×œÖ°×”Ö·×©×Ö°×§Ö´×™×¢Ö·	lehashkÃ¬a	to invest; sink, submerge
×œÖ·×—Ö²×–×•Ö¹×ª	lachazÃ²t	to predict, forecast
×œÖ´×©×‚Ö°×¨×•Ö¹×“	lisrÃ²d	to survive
×œÖ°×”Ö·×§Ö°×œÖ´×™×“	lehaklÃ¬d	to type
×œÖ·×—Ö°×©××•Ö¹×©×	lachshÃ²sh	to worry, fear
×¢×“×™×¤×•×ª ×¢×œ×™×•× ×”		top priority
×”Ö·×©×Ö°×§Ö¸×¤Ö¸×”	hashkafÃ 	view
×¡×•Ö¼×¤×’Ö¸× Ö´×™Ö¸×”		a deep-fried jelly doughnut (Hanukkah)
××•Ö¼×¤Ö°×©×Ö¸×˜		abstract
× Ö°×’Ö´×™×©××•Ö¹×ª	negishÃ¹t	accessibility
×¦Ö·×”Ö²×¨×•Ö¹×Ÿ		afternoon child care
×›×“×•×¨ ×¤×•×¨×—		air baloon
×Ö²×•Ö´×™×¨×•Ö¹×Ÿ		airplaine
×©Ö°×× Ö¸×ªÖ´×™		annual
×˜Ö´×™×¢×•Ö¼×Ÿ		argument, claim
×”Ö°×ª×—Ö·×Ö°×©××•Ö¼×ª		armament
××¡×•×“×¨		arranged
×¤Ö¼Ö¸×’Ö¸×–	pagÃ z	artillery shell
×›Ö¼Ö¸× Ö´×“Ö°×¨Ö¸×©×		as requested
×›Ö¼Ö´×¨Ö°×¦×•Ö¹× ×šÖ¸		as you please
×—×•×¦×¤×”		audacity
×ªÖ¼Ö·×¨Ö°×Ö´×™×œ	tarmÃ¬l	backpack
×Ö´×™×–Ö¼×•Ö¼×Ÿ	izÃ¹n	balance, equilibrium
× Ö¶×©×Ö¶×£	nÃ¨shef	ball, party, prom
××¦×™××”		bargain
×˜Ö´×™×¨×•Ö¹× ×•Ö¼×ª		bootcamp, military training
×©×Ö´×¢Ö²××•Ö¼×		boredom
×Ö·×Ö²×’Ö¸×¨	ma'agÃ r	buffer; repository; stockpile; reservoir, database
×Ö·×¢Ö²×¨Ö¸×›Ö¸×”	ma'arachÃ 	campaign, battle
××‘×•×˜×œ		canceled
×§Ö·×‘Ö·Ö¼×¨× Ö´×™×˜		captain
×Ö´×›Ö°×¤Ö·Ö¼×ª		cared, concern
×Ö°×–×•Ö¼×Ö¼Ö¸×Ÿ		cash
×”Ö·×¤Ö°×¡Ö¸×§Ö·×ª ×Öµ×©×		ceasfire
×ªÖ¼Ö´×§Ö°×¨Ö¸×”	tikrÃ 	ceiling
×ªÖ¸×		cell
×ª××•×¨×”		change
×™Ö°×¡×•Ö¹×“ ×›Ö´Ö¼×™×Ö´×™		chemical element
×’× × ×ª		child care teacher (f.)
×¢×•Ö¹×‘Öµ×“ × Ö´×™×§Ö¸Ö¼×™×•Ö¹×Ÿ		cleaning service
× ×§×™×•×Ÿ		cleanliness
×Ö·×§Ö°×œÖ´×™×		climate
×¡×’×™×¨×”		closure
×”×œ×‘×©×”		clothing
××¢×•× ×Ÿ		cloudy
××•Ö¹×¢Ö²×“×•Ö¹×Ÿ	mo'adÃ²n	club, clubhouse
×¦Öµ×™×¨×•Ö¼×£ ×Ö´×§Ö°×¨Ö´×™×		coincidence
×¦Öµ×™×¨×•Ö¼×£	tzerÃ¹f	combination, joining
×ªÖ¼Ö°×¤Ö´×™×¡Ö¸×”	tfisÃ 	concept; perception
××‘×•×œ×‘×œ		confused
×¦Ö°×¨Ö´×™×›Ö¸×”	tzrichÃ 	consumption
×”Ö¶×Ö°×©×Öµ×šÖ°	hemshÃ¨ch	continuation
×¡×¤×™×¨×”		counting
×Ö¸× ×•Ö¹×£	manÃ²f	crane, lever
×™×•Ö¹×Ö¸× ×•Ö¸×œÖ·×™Ö°×œÖ¸×”â€		day and night
×”×—×œ×˜×™		decisive
×”Ö·×’Ö°×“Ö¼Ö¸×¨Ö¸×”	hagdarÃ 	definition, setting
×’Ö¼×•Ö¹×œÖ¸×”	golÃ 	diaspora
×©××•Ö¹×©×Ö¶×œÖ¶×ª		dynasty
×™Ö¸×¢Ö´×™×œ	ya'Ã¬l	effective, efficient
×‘×™Ö°×¢Ö´×™×œ×•Ö¼×ª		effectively, efficiently
×™Ö°×¢Ö´×™×œ×•Ö¼×ª	ye'ilÃ¹t	efficiency
×—Ö²×“Ö·×¨ ×Ö´×™×•Ö¼×Ÿ		emergency room
×”Ö·× ×“Ö¸×¡Ö¸×”		engineering; geometry
×”×’×“×œ×”		enlargement
×¦Ö´×™Ö¼×•Ö¼×“	tziyÃ¹d	equipment
×‘×¨×™×—×”		escape
×“Ö¼×•Ö¼×’Ö°×Ö¸× Ö´×™×ª		fashion model (f.)
×“Ö¼×•Ö¼×’Ö°×Ö¸×Ÿ		fashion model (m.)
×—×‘×™×‘		favorite
×§Ö°×¨×•Ö¹×‘Ö¸×”		female relative
×‘Ö¼Ö°×¢Ö·×œ ×¤Ö¼Ö¶×”		from memory, by heart
×Ö´×œÖ¼Ö°×›Ö·×ªÖ¼Ö°×—Ö´×™×œÖ¼Ö¸×”		from the beginning
××–×“×§×Ÿ		getting older
×Ö°×—×•Ö¹× Ö¸×Ÿ	mechonÃ n	gifted
×œÖ°× ×•Ö¹×›Ö¸×—		given, considering
× ×ª×™× ×”		giving
×–×”×•×‘		golden
×”Ö·×“×¨Ö¸×’Ö¸×ªÖ´×™		gradual
×‘Ö¼Ö°×”Ö·×“×¨Ö¸×’Ö¸×”		gradually
×’×™×”×™× ×•×		hell
××•Ö¹×¢Ö´×™×œ	mo'Ã¬l	helpful, useful, effective
××•Ö¹×¤Ö¶×§	Ã²fek	horizon
×Ö¸×¤Ö°×§Ö´×™		horizontal
×Ö·×“Ö°Ö¼×¢Öµ×™ ×”Ö·×¨×•Ö¼×—Ö·		humanities studies
×Ö¶× ×•Ö¹×©×Ö´×™×•Ö¼×ª		humanity
×§Ö¶×¨Ö·×—	kÃ¨rach	ice
×‘×œ×ª×™ ××•×‘×Ÿ		incompressible, misunderstood
×”Ö²×¨Öµ×™	harÃ¨i	indeed, after all
×™Ö°×¨×•Ö¼×©×Ö¼Ö¸×”	yerushÃ 	inheritance
×‘Ö°Ö¼×ªÖ¼Ö°×—Ö´×™×œÖ¼Ö¸×”		initially
×™Öµ×¦Ö¶×¨	yÃ¨tzer	instinct, impulse
×”Ö·×©×Ö°×§Ö¸×¢Ö¸×”	hashka'Ã 	investment; submersion
×¤Ö°Ö¼× Ö´×™×Ö¸×”		inwards
×—×•Ö¹×¡Ö¶×¨ ×Ö·×—Ö²×¨Ö¸×™×•Ö¼×ª		irresponsability
×”Ö´×ªÖ°× Ö·×—Ö²×œ×•Ö¼×ª	hitnachalÃ¹t	Israeli settlement
×”×¨×•×‘×¢ ×”×™×”×•×“×™		jewish quarter
×¨Öµ×Ö¸×™×•Ö¹×Ÿ ×¢×‘×•×“×”		job interview
×“×¨×•Ö¼×©×™×		job offers
×©××•Ö¹×¤Öµ×˜	shofÃ¨t	judge, referee
×©××™×¨×”		keeping
×§Ö°×œÖ´×™×“	klÃ¬d	key (piano)
×Ö´×§Ö°×œÖ¶×“Ö¶×ª	miklÃ¨det	keyboard
×—Ö¸×˜×•Ö¼×£	chatÃ¹f	kidnapped, hostage
×—Ö²×˜Ö´×™×¤Ö¸×”	chatifÃ 	kidnapping
×”×¨×™×’×”		killing
×Ö·××œÖ¸×›Ö¸×”		kingdom
×Ö·×œÖ°×›×•Ö¼×ª		kingdom, monarchy
×¢×–×™×‘×”		leaving, departure
××•Ö¹×¨Ö¶×šÖ° ×—×™×™×		life span
××•Ö¼×’×‘Ö¼Ö¸×œ		limited, restricted
×œ×˜××”		lizard
×¢×•Ö¹×Ö¶×¡	Ã²mes	load, burden
××•Ö¹×¢Ö¸×¦Ö¸×” ×Ö°×§×•Ö¹×Ö´×™×ªâ€		local council
×Ö´×™×ªÖ¼×•Ö¼×¨	itÃ¹r	locating, tracking
×Ö´×™×§×•Ö¼×		location
×Ö¸×¨×•Ö¹×š ×˜Ö°×•Ö·×•×—		long-term
× Ö¶×Ö±×Ö¸×Ÿ	ne'emÃ n	loyal
× Ö¶×Ö±×Ö¸× ×•Ö¼×ª	ne'emanÃ¹t	loyality
×©×™×’×¢×•×Ÿ		madness
×Ö°××•Ö¼×™Ö¸Ö¼×©×		manned, staffed
×’Ö·×‘×¨Ö´×™		masculine
×Ö·×¡Öµ×›Ö¸×”		mask
×—×‘×¨×•×ª		membership
×”×Ö·×¢Ö²×Ö¸×“ ×”×‘ÖµÖ¼×™× ×•Ö¹× Ö´×™Ö´Ö¼×™×		middle class
×—Ö²×˜Ö´×™×‘Ö·×ª ×‘Ö¼Öµ×™× Ö·×™×™Ö´×		middle school (gr. 7-9)
×˜××‘×œ		moron
×× ×•×©		mortal
×¤Ö¼Ö´×˜×¨Ö´×™Ö¸×”		mushroom
×¤×˜×¨×™×•×ª		mushrooms
×”×“×“×™		mutual
×Ö·×“Ö¸×¢Öµ×™ ×”Ö·×˜Ö¶×‘Ö·×¢		natural sciences
×§Öµ×Ÿ	kÃ¨n	nest
×Ö±×’×•Ö¹×–		nut
×¤×ª×™×—×”		opening
×–×•Ö¼×œÖ¸×ª		other, fellow man
××™×©×™×ª		personally
×ªÖ¼×•Ö¹×¤Ö¸×¢Ö¸×”	tofa'Ã 	phenomenon
×Ö°×§×•Ö¹× ×œÖµ×™×“Ö¸×”		place of birth
×Ö°×¡Ö·×›Ö¼Öµ×Ÿ	mesakÃ¨n	poor, unfortunate, miserable
×Ö°××•Ö¼×›×œÖ¸×¡		populated
×¨Ö´×™×‘Ö¼×•Ö¼×™ ××•Ö¼×›Ö°×œ×•Ö¼×¡Ö´×™×Ÿ		population growth
×Ö·×“Ö°×¤Ö¼Ö¶×¡Ö¶×ª	madpÃ¨set	printer
×‘Ö¼×•Ö¹×œÖµ×˜	bolÃ¨t	prominent
××‘×˜×™×—		promising
×Ö·×œ×›Ö¼Ö¸×”		queen
×¦×™×˜×•×˜		quote, citation
××ª×§×‘×œ ×¢×œ ×”×“×¢×ª		reasonable, plausible
×Ö·×¨×“Ö¸×Ÿ		rebel
×”Ö´×ª×Ö·×¨Ö°×“×•Ö¼×ª		rebellion
×Ö·×¢Ö²×¨Ö¶×›Ö¶×ª ×™Ö°×—Ö¸×¡Ö´×™×		relationship
××—×•×“×©		renewed
×©×Ö´×™×¤Ö¼×•Ö¼×¥		renovation
×ª×—×œ×™×£		replacement
×¨×•×›×‘		rider
×¡×™×›×•×Ÿ		risk
×‘×’×“×•×œ		roughly speaking
×¢×’×•×œ		round
×©×Ö´×’Ö°×¨Ö¸×”	shigrÃ 	routine
×©×Ö´×’Ö°×¨Ö¸×ªÖ´×™		routine (adj.)
×‘×©Ö´×’Ö°×¨×”	b'shigrÃ 	routinely
××œ×›×•×ª×™		royal
×©×Ö·×œÖ¼Ö´×™×˜		ruler, dominant
×‘Ö¼Ö°×˜Ö´×™×—×•Ö¼×ª		safety
×Ö¶×›Ö¶×¨		sale
×¨×•Ö¹×˜Ö¶×‘	rÃ²tev	sauce
×¨Ö¶×¦Ö¶×£	rÃ¨tzef	sequence, continuity
×©×¨×ª		server
×§Ö°×‘Ö´×™×¢×•Ö¹×ª	kvi'Ã²t	settings
×”Ö·×’Ö°×“Ö¼Ö¸×¨×•Ö¹×ª	hagdarÃ²t	settings (comp)
×™Ö¶×¨Ö´×™		shooting, firing
×Ö´×“Ö°×¨Ö¸×›Ö¸×”	midrachÃ 	sidewalk
×—×ª×•×		signed
×¤Ö·Ö¼×©Ö°××˜×•Ö¼×ª		simplicity
×‘×™×©×™×‘×”		sitting
×¨Ö·××§×•Ö¹×œ		speakers
×Ö´×™Ö¼×•Ö¼×ª	iyÃ¹t	spelling
×¢Ö²×¨Ö¸×‘Ö¸×”	aravÃ 	steppe, plain, praire
× Ö´×™×ª×•Ö¼×—Ö·		surgery; analysis, investigation
×¦Ö°×”×•Ö¼×‘Ö¼×•Ö¹×Ÿ		tabloid
×‘Ö¼Ö·×“		tissue
×œÖ°×™Ö·×™×¦Ö¼Öµ×	leyatzÃ¨	to export
×œÖ°×Ö·×œÖ¼Öµ×		to fill out, make full
×œÖ´×¡Ö°×œ×•Ö¹×—Ö·		to forgive, excuse
×œÖ°×”Ö´×ªÖ°×¨Ö·×—Öµ×§		to move away
×œÖ°×©×Ö·×Ö¼Öµ×¨		to preserve, mantain, conserve
×œÖ¶×Ö±×¡×•Ö¹×¨		to prohibit
×œÖ°×§Ö·×“Ö¼Öµ×		to promote, advance
×œÖ°×“Ö·×•×•Ö¼Öµ×—Ö·		to report
×œÖ°×”Ö·×¨Ö°×—Ö´×™×‘		to widen, expand
×¡×š ×”×›×•×œ		total
×Ö·×’Ö¼Ö¸×©×	magÃ sh	tray
××©×ª××©		user
×¦×¤×™×™×”		viewing
×Ö¶×Ö°×¦Ö¸×¢Öµ×™ ×œÖ°×—×™××”		weapons
×›Ö¼Ö¸× Ö¸×£	kanÃ f	wing (animal, airpl.)
×–×›×™×™×”		winning
×–Ö°×Öµ×‘	ze'Ã¨v	wolf
×¡Ö¸×‘×•Ö¼×¨		believing that, holding an opinion that
×Ö·×Ö¼Ö´×™×¥	amÃ¬tz	brave, courageous
×¡Ö°×ªÖ´×™×¨Ö¸×”	stirÃ 	contradiction
×¡×•Ö¹×ªÖµ×¨	sotÃ¨r	contradictory
××•Ö¹×Ö¶×¥	Ã²metz	courage
×”Ö¶×¨Ö°×’Ö¼Öµ×œ	hergÃ¨l	habit
×‘Ö¼Ö´×¤Ö°×¨Ö¸×˜		in particular, especially, particularly
×œ×”×¦×™×’ ××ª ×¢×¦××™		introduce myself
×”×•Ö¹×“Ö¸×¢Ö¸×”	hoda'Ã 	message, notice
×ªÖ¼Ö·×¢Ö²×¨×•Ö¹×‘Ö¶×ª		mix
×ªÖ¼Ö´×™×›Ö°× ×•Ö¼×ª		programming
× ×•Ö¹×ªÖ¸×¨	notÃ r	remained, left
×©×Ö°×ªÖ´×™×§Ö¸×”	shtikÃ 	silence
× Ö¸×—Ö¸×©×	nachÃ sh	snake
×Ö·×œÖ°×—Ö´×™×¥	malchÃ¬tz	stressful
×–Ö°×¨Ö´×™×—Ö¸×”	zrichÃ 	sunrise
×ªÖ¼Ö·×¡Ö°×Ö´×™×Ÿ	tasmÃ¬n	symptom
×ªÖ¼Ö·×—Ö°×‘Ö¼Ö´×™×¨	tachbÃ¬r	syntax
×œÖ°×”Ö·×¢Ö°×ªÖ¼Ö´×™×§	leha'atÃ¬k	to copy
×©×Ö¸×’×•Ö¼×™	shagÃ¹y	wrong
××•Ö¼×˜Ö°×¢Ö¶×”		wrong, erroneous
×”Ö·×¤Ö°×©×Ö¸×˜Ö¸×”	hafshatÃ 	abstraction
× ×’×™×©		accessible
×‘Ö¼Ö°×¤×•Ö¹×¢Ö·×œ		actually, in practice
×§Ö¸×“×•Ö¼×		ancient
×§Ö·×“××•Ö¹×Ÿ		ancient, primitive, ancestorial
×™Ö´×™×©×‚Ö¼×•Ö¼××•×Ÿ	yisumÃ²n	app, application
×¢×•×–×¨		assistant
×’Ö¼Ö´×™×‘Ö¼×•Ö¼×™		backup, backing, support
×“×•×‘		bear
×Öµ×Ö²×—×•Ö¹×¨Öµ×™ ×”Ö·×§Ö¼Ö°×œÖ¸×¢Ö´×™×		behind the scenes
×”Ö±×™×•Ö¹×ª		being, existence (in expr.)
×©×Ö·×›Ö¼×•Ö¼×œ	shakÃ¹l	bereaved
×Ö·×—Ö²×•Ö¸×•Ö¹×”	achavÃ 	brotherhood, fraternity
×›×¨×•×‘		cabbage
×¤Ö¼Ö¶×—Ö¸×		coal
×§×•Ö¹×¨		cold (noun)
×ªÖ¼× ×Ö¸×™×		conditions (of an agreem.)
×‘×œ×‘×•×œ		confusion
×”Ö·×“×‘Ö¸Ö¼×§Ö¸×”		contagion, infection; adhesion
×‘×™×©×•×œ		cooking
×ª×™×¨×¡		corn
×§×•×‘×™×™×”		cube
×•×™×œ×•×Ÿ		curtain
×—×ª×š		cut
×”Ö·×¦Ö°×”Ö¸×¨Ö¸×”	hatzharÃ 	declaration, statement
×‘Ö¼Ö´×™×§Ö¼×•Ö¼×©×	bikÃ¹sh	demand (economics)
×¢×•××§		depth
×”Öµ×™×¢Ö¸×œÖ°××•Ö¼×ª	he'almÃ¹t	disappearance
×›×™×¤×ª ×”×¡×œ×¢		Dome of the Rock
××œ ×ªÖ¼Ö´×ªÖ°×¢Ö·×œÖ¼Öµ× ××× ×™		don't ignore me!
×—Ö²××•Ö¹×¨	chamÃ²r	donkey
×–×•×’×™		double
×¨Ö´×’×©×Ö´×™		emotional
×Ö·×¢Ö²×¡Ö´×™×§		employer
×Ö°×¦×•Ö¼×™Ö¼Ö¸×“		equiped
× Ö¸×©×Ö´×™		feminine
×œÖ¶×”Ö¸×‘Ö¸×”	lehavÃ 	flame
×§Ö¶×Ö·×—	kÃ¨mach	flour
×××•×§×“		focused
×œ×ª×§×•×¤×”		for some time
×œÖ°×©×Ö¶×¢Ö¸×‘Ö·×¨		former, past
× ×•Ö¼×¡Ö°×—Ö¸×”	nuschÃ 	formula
× ×•Ö¼×¡Ö¼Ö·×—		formula, version, wording
×¤Ö¼Ö·×¨×•Ö¸×•×”		fur, skin
×¨×“ ××× ×™		get off me!
×—×•Ö¹×Ö°×¨Ö¸×”		hardware
×©× ×•×		hated
×¨Ö·×‘ ×§×•Ö¹××•Ö¹×ª		high rise (building)
×’Ö´×‘×¢Ö¸×”		hill
×¨××–		hint
×‘Ö¼×•Ö¼×¨×•Ö¼×ª		ignorance
×‘Ö¼×•Ö¼×¨		ignorant
××™×™×“×™		immediate
×—×•Ö¹×¡Ö¶×¨ ×™Ö°×›×•Ö¹×œÖ¶×ª		incompetence
××“×™×©×•×ª		indifference
×Ö¸×“Ö´×™×©×		indifferent; inert (chemistry)
××¢×•× ×™×™×Ÿ		interested
×Ö´×Ö°×©×Ö¸×§		interface
×‘Ö¼Ö¸×¨×•Ö¼×¨ ×Öµ×Öµ×œÖ¸×™×• ×©Ö¾		it is obvious, trivial
×‘Ö¼Ö°×¨Ö¸××©××•Ö¼×ª		led by
×§×œ×™×œ		light
××™×œ×” ×©×Ö°××•Ö¼×œÖ¸×”		loan word
×ªÖµ×™×‘Ö·×ª ×“×•Ö¹×Ö·×¨		mailbox
×¨Ö¸××©×Ö´×™		main, primary, chief
×™×•Ö¹× Öµ×§		mammal; infant
×˜×‘×—		massacre
××¤×œ×¦×ª×™		monstrous
×œÖ°×‘Ö¸× Ö¸×”		moon
×™Ö·×ª×•Ö¼×©×		mosquito
××¨×•×‘×”		multi
×©×¨×™×¨×™		muscular
×Ö°× Ö·×’Öµ×Ÿ		musician
××•Ö¼×Ö¼Ö¸×”		nation, people
×™Ö¸×œÖ´×™×“		native (of), indigenous
×‘Ö°Ö¼×”Ö¶×›Ö°×¨Öµ×—Ö·		necessarily
×©×˜×•×ª		nonsense
×©×Ö¶×Ö¶×Ÿ ×–Ö·×™Ö´×ª		olive oil
×¤Ö¼Ö¶×œÖ¶×˜	pÃ¨let	output (comp.)
×”×—×•×¦×”		outside
×”Ö·×œ×‘Ö¸Ö¼×©Ö¸××” ×¢Ö¶×œÖ´×™×•Ö¹× Ö¸×”â€		outwear
×—Ö·×Ö°×¦Ö¸×Ÿ		oxygen
×¦Ö·×œÖ¼Ö¸×		photographer
×—Ö¸×œ×•Ö¼×¥	chalÃ¹tz	pioneer
×‘Ö¼×•Ö¹×¨		pit
×¨Ö¸×¦Ö´×™×£	ratzÃ¬f	platform, dock, pier; continuous
×•Ö¸×¢×•Ö¹×“		plus sign (+)
×Ö°× ×•Ö¼×Ö¼Ö¸×¡	menumÃ s	polite
×‘× ×™××•×¡		politely
×Ö°× Ö´×™×¢Ö¸×”	meni'Ã 	prevention
×Ö´×§Ö°×¦×•Ö¹×¢Ö´×™		professional
×™Ö¶×“Ö·×¢ ×Ö´×§×¦×•Ö¹×¢Ö´×™		professional knowledge
×Ö·×“Ö¼Ö´×™×	madÃ¬m	professional uniform
×”×ª×§×“××•×ª		progress
×¢×•××¡ ×‘×›×‘×™×©×™×		road congestion
× Ö°×“Ö´×™×“Ö¸×”		roaming, wandering, migration
×¨Ö´×™×¦Ö¸×”		run
××›×™×¨×”		sale
×œ×•×•×™×™×Ÿ		satellite
×Ö´×©×Ö°× Ö´×™		secondary, collateral
×‘×›×™×¨		senior
×¨×’×™×©×•×ª		sensitivity
××™× ×™		sexual
×Ö°× Ö¸×™Ö¸×”	menayÃ 	share, stock market
××“×£		shelf
×Ö°×™×•Ö¼×Ö¼Ö¸× ×•Ö¼×ª	meyumanÃ¹t	skill
×Ö°×™×•Ö¼×Ö¼Ö¸×Ÿ	meyumÃ n	skilled
×¢Ö¶×‘Ö¶×“	Ã¨ved	slave
×¢Ö·×‘Ö°×“×•Ö¼×ª	avdÃ¹t	slavery
×¤Ö¼Ö°×¨×•Ö¼×¡Ö¸×”	prusÃ 	slice
×—Ö¸×œÖ¸×§		smooth
×—Ö¸×˜Ö´×™×£	chatÃ¬f	snack
×’Ö¼Ö·×¨Ö°×‘Ö¼Ö·×™Ö´×™×	garbÃ yim	socks
×Ö°×¤Ö·×ªÖ¼Öµ×—Ö· ×ª×•Ö¹×›× Ö¸×”		software developer
×Ö°×”Ö·× ×“Öµ×¡ ×ª×•Ö¹×›× Ö¸×”		software engineer
×Ö´×™Ö¼×•Ö¼×Ÿ	miyÃ¹n	sorting
×—Ö¸×œÖ¸×œ		space
×™Ö·×¦Ö¼Ö´×™×‘×•Ö¹×ª	yatzivÃ²t	stability
×™Ö·×¦Ö¼Ö´×™×‘	yatzÃ¬v	stable
×‘×¢××™×“×”		standing
×¢××™×“×”		standing
×“×‘×™×§		sticky
×’Ö¼Ö¸× ×•Ö¼×‘		stolen
×¡×•×‘×œ		suffering
×—×œ×™×¤×”		suit
×ªÖ¼Ö·×§Ö°×¦Ö´×™×¨	taktzÃ¬r	summary, abstract (article)
×—Ö·×Ö¸×”		sun
×©×Ö´×˜×—Ö´×™		superficial, shallow
×Ö°×ªÖ´×™×—×•Ö¹×ª	metichÃ¹t	tension (political)
×Ö¶×ªÖ·×—	mÃ¨tach	tension; voltage
× ×•×¨××™		terrible
×¢Öµ×“×•Ö¼×ª		testimony, proof of evidence
×—×•×§ ×™×¡×•×“		The Basic Law
×Öµ×™×˜Ö¸×‘	metÃ v	the best, optimum
×’× ×™×‘×”		theft
××˜×¤×œ		therapist
×ªÖ¼Ö¶×–Ö¸×”		thesis
×“×§×™×§		thin, flimsy
×¤×—		tin
×¤×—×™×ª		tin
×œÖ°×”Ö·×¤Ö°× Ö´×™×		to absorb, internalize
×œÖ°×”Ö´×™×•×•Ö¼Ö¸×œÖµ×“		to be born
×œÖ°×”Ö´×™×©Ö¸×‘Öµ×¨		to be broken
×œÖ°×”Ö´×™×§Ö¼Ö¸×¨Öµ×		to be called
×œÖ°×”Ö´×™×–Ö¸×”Öµ×¨		to be careful
×œÖ°×”Öµ×™×¨Ö¸×“Öµ×£		to be chased
×œÖ°×”Ö´×ªÖ°× Ö·×”Öµ×œ		to be conducted (process)
×œÖ°×”Ö´×ªÖ°×§Ö·×œÖ°×§Öµ×œ		to be damaged
×œÖ°×”Ö´×™×’Ö¼Ö¸×–Öµ×¨		to be derived
×œÖ´×¤Ö°×¨×•Ö¹×—Ö·		to bloom, bloom; hover
×œÖ´×©×‚Ö°×¨×•Ö¹×£		to burn
×œÖ°×”Ö´×ªÖ°×œ×•Ö¹× Öµ×Ÿ		to complain
×œÖ°×”Ö·×©×Ö°×œÖ´×™×		to complete, finish, fill out
×œÖ°×¤Ö·×ªÖµ×—Ö·		to develop
×œÖ°×”Ö·×Ö²×¨Ö´×™×š		to extend
×œÖ°×¡Ö·× Ö¼Öµ×Ÿ	lesanÃ¨n	to filter
×œÖ°×‘Ö·×¨Öµ×¨		to find out, clarify
×œÖ°×”Ö´×ªÖ°×—Ö·×–Öµ×§		to gather strength
×œÖ°×”Ö·×›Ö¼×•Ö¹×ª		to hit, strike
×œÖ°×”Ö·×’Ö°×‘Ö¼Ö´×™×¨		to increase, enhance, boost
×œÖ´×¤Ö°×œ×•Ö¹×©×		to invade
×œÖ°× Ö·×©×Ö¼Öµ×§		to kiss
×œÖ¶×Ö±×¨×•Ö¹×šÖ°		to last (time)
×œÖ°×–Ö·× Ö¼Öµ×§		to leap, jump ahead
×œÖ°×‘Ö·×˜Ö¼Öµ×		to pronounce word, express thought
×œÖ°×¤Ö·×¨Ö°×¡Öµ×		to publish, post; advertise
×œÖ´×¨Ö°×›Ö¼×•Ö¹×‘		to ride (horse, bike)
×œÖ°×”Ö´×ªÖ°×§Ö·×œÖ¼Öµ×—Ö·		to take a shower
×œÖ°×”Ö´×©×Ö°×ªÖ¼Ö·×œÖ¼Öµ×˜		to take control, take over
×œÖ´×¨Ö°×©××•Ö¹×		to take note, register, write
×œÖ°×”Ö·×Ö°×¨Ö´×™×		to take off (airplane)
×œÖ´×œÖ°×—×•Ö¹×©×	lilchÃ²sh	to whisper
×¨××–×•×¨		traffic lights
×¢Ö¸× Ö¸×£	anÃ f	tree branch; industry
×‘Ö¼Ö´×œÖ°×ªÖ¼Ö´×™ ××•Ö¼×’Ö°×‘Ö¼Ö¸×œ		unlimited
×—Ö²×¡Ö·×¨ ×ªÖ¼Ö·×§Ö°×“Ö¼Ö´×™×		unprecedent
×‘Ö¼Ö´×œÖ°×ªÖ¼Ö´×™ ×¡Ö¸×‘Ö´×™×¨		unreasonable, unlikely
×¢×“ ×œ× ××–××Ÿ		until recently
×¢×“ ×œ××—×¨×•× ×”		until recently
×¨Ö°××•Ö¼×ª		visibility
××’×•×– ××œ×š		walnut
×œ×•Ö¹×—Ö¸×Ö¸×”		warfare
×¨×—×•×¥		washed
×¨×—×™×¦×”		washing
×Ö°×œÖ¸××›Ö¸×”	melachÃ 	work, labour
×‘ÖµÖ¼×™×ª ×Ö°×œÖ¸××›Ö¸×”		workshop
×¤Ö¼Ö¶×¦Ö·×¢		wound
×¤Ö¼Ö¸×¦×•Ö¼×¢Ö·		wounded, injured
×¤Ö¼Ö´×™×’Ö¼×•Ö¼×¢Ö·	pigÃ¹a	attack, terror attack
×”×—×¦×¨ ×”××—×•×¨×™×ª		backyard
×”Ö¶×¢Ö¸×¨Ö¸×”	he'arÃ 	comment, remark
××•Ö¼×’×–Ö¸×		exaggerated
×”Ö´×©×Ö°×ªÖ¼Ö·×œÖ¼Ö°××•Ö¼×ª	hishtalmÃ¹t	further education
×”Ö·×œÖ°×•Ö¸×•Ö¹×Ö¸×”	halva'Ã 	loan
×”Ö·×ªÖ°×Ö¸×Ö¸×”	hat'amÃ 	match; adjustement
×Öµ× Ö´×™×¢Ö·	menÃ¬a	motive, motivation
×”×•Ö¹×¨Ö¸×Ö¸×”	hora'Ã 	order, instruction; teaching
×Ö·×’Ö°×œÖµ×©×Ö¸×”	magleshÃ 	playground slide
×¡Ö°×§Ö´×™×¨Ö¸×”	skirÃ 	review, overview
×”Ö·×œÖ¸Ö¼×œ×•Ö¼		these
×œ×”×•×“×•×ª ×‘××©××”		to admit fault
×œÖ°×”Ö¸×¤Ö´×™×¥		to distribute, spread
×œÖ°×”Ö·×¤Ö°×¡Ö´×™×“	lehafsÃ¬d	to lose (money, game)
×—Ö²×¡Ö·×¨ ×ª×•Ö¹×¢Ö¶×œÖ¶×ª		useless
×©Ö¶××¤Ö·×¢		abundance
×ªÖ¼Ö·×—Ö°××•Ö¹×©×Ö¶×ª	tachmÃ²shet	ammunition
×©×Ö·×¢Ö°×©××•Ö¼×¢Ö·	sha'ashÃ¹a	amusement
×Ö°×¢Ö·×¦Ö°×‘Ö¼Öµ×Ÿ		annoying
×”Ö·×›Ö°×¨Ö¸×–Ö¸×”	hachrazÃ 	anouncement, declaration
×Ö·×¢Ö²×¨Ö¸×šÖ°		array; lineup
×§Ö·×©×Ö¼×•Ö¼×‘		attentive
××©×™×›×”		attraction
××•×©×š		attractive
×¨Ö´×™×‘Ö¼Ö´×™×ª		banking interest
×©×™×¢×•×¨ ×™×œ×•×“×”		birth rate
×ª×›×•×œ		blue
×—×•Ö¹×‘Ö¶×¨Ö¶×ª		booklet
×©Ö¸×××•Ö¼×œ		borrowed
×©×Ö°×Ö´×™×œÖ¸×”	she'ilÃ 	borrowing
××¨×’×–		box
×ªÖµ×™×‘Ö¸×”		box
×Ö¸×•Ö¹×¢Ö³×Ö¸×“	mo'omÃ d	candidate, nominee
×§Ö°×¨Ö´×™×¡Ö¸×”		collapse
××¡×—×¨×™		commercial
×ª×œ×•× ×”		complaint
×©×Ö·×Ö°×¨Ö¸×Ÿ		conservative
×¢Ö´×™×¦×•Ö¼×¨		consonant
×× ×•×’×“		contrary, opposite
×”Ö²×Ö¸×¨Ö¸×”		conversion, valute exchange
××ª×•×§×Ÿ		corrected
××•Ö¼×©××—Ö¸×ª		corrupt
×¤Ö·Ö¼×—Ö°×“Ö¸×Ÿ		coward
×‘×¨×™××”		creation
×¤×©×¢		crime
×¤Ö¼×•Ö¹×©×Öµ×¢Ö·		criminal
×¤Ö¼Ö°×œÖ´×™×œÖ´×™	plilÃ¬	criminal, penal
×›Ö¼Ö¶×ªÖ¶×¨	kÃ¨ter	crown
×¡×§×¨× ×•×ª		curiosity
×”××¨×ª ×”×›×¡×£		currency exchange
×–×¨×		current
×©×•×˜×£		current
×¡Ö·×Ö¸×Ÿ		cursor, marker
×”"× ×”×™×™×“×•×¢		definitive article (hey)
×¨×™×‘×•×™ ×“××•×’×¨×¤×™		demographic growth
×—Ö²×˜Ö´×™×‘Ö¸×”	chativÃ 	department; middle school; brigade (military)
×ª×œ×•×ª×™		dependent
×¤×™×¨×•×˜		detail
×¦×•×•×ª ×”×¤×™×ª×•×—		development team
×Ö´×ªÖ°×§Ö¸×Ÿ	mitkÃ n	device, facility
×˜Ö·×œ		dew
×”Ö·×¤Ö°×¨Ö¸×¢Ö¸×”	hafra'Ã 	disorder, interrupt
×–Ö´×œ×–×•Ö¼×œ		disrespect, contempt
×’Ö¼Öµ×¨×•Ö¼×©×Ö´×™×Ÿ		divorce
× ×”×™×’×”		driving
×—×•Ö¹×‘Ö¸×”		duty
×¤Ö·Ö¼×¡Ö°×—Ö¸×		Easter (christian festival)
×©×Ö·×’Ö°×¨Ö´×™×¨×•Ö¼×ª	shagrirÃ¹t	embassy
×œ×™×•×•×™		escort
×”Ö·×¢Ö²×¨Ö¸×›Ö¸×”	ha'arachÃ 	estimation, assessment, evaluation
×Ö·×¢Ö°×‘Ö¼×•Ö¹×¨Ö¶×ª	ma'abÃ²ret	ferry
×œÖ°×—Ö´×™×Ö¸×”		fighting
×”Ö²×¦Ö¸×¤Ö¸×”		flood
×”×•Ö¹×Ÿ		fortune, capital, wealth
×©Ö¸××‘Ö´×™×¨		fragile, breakable
×Ö´×œÖ°×Ö·×¢×œÖ¸×”		from above
×Ö´×’Ö°×“Ö¼Ö¸×¨	migdÃ r	gender
×‘×•×’×¨		graduate
××•×–× ×™×•×ª		headphones
×©××™×¢×”		hearing
××–×•×”×”		identified
×©×Ö¸×§×•Ö¼×¢Ö·		immersed, sunk
×‘Ö¼Ö´×™×¦Ö¼×•Ö¼×¢Ö·	bitzÃ¹a	implementation, execution
×™Ö´×™×©×‚Ö¼×•Ö¼×	yisÃ¹m	implementation; application
×™Ö°×‘×•Ö¼×Ö¸×Ÿ		importer
×©×™×¤×•×¨		improvement
×‘Ö°Ö¼×Ö·×§×‘Ö´Ö¼×™×œ		in parallel, at the same time
×‘×¡×š		in total
×‘Ö¼Ö·×§Ö¼Ö¸×¨Ö¸×”		inspection, control, supervision
×”×“×¨×›×”		instruction
×‘Ö¼Ö´×™×“Ö¼×•Ö¼×“		insulation; quarantine, isolation
××‘×•×“×“		insulator
×©×œ××•×ª		integrity
×Ö°×™×•Ö¹×¢Ö¸×“		intended, meant
×”Ö´×ªÖ°×¢Ö·×¦××•×ª		intensification
××©××—		joyful, happy, glad
×Ö·×¢Ö°×‘Ö¼Ö¸×“Ö¸×”	ma'abadÃ 	laboratory
×‘×¢×™×§×¨×”		largely, essentially
×¢Ö¸×œÖ¶×”		leaf
××•Ö¹×¨Ö¶×©×Ö¶×ª	morÃ¨shet	legacy, heritage
××’×“×™		legendary
×”Ö·×œ×‘Ö¸Ö¼×©Ö¸××” ×ªÖ·Ö¼×—Ö°×ªÖ¼×•Ö¹× Ö¸×”â€		lingerie
×¨×©×™××” ××§×•×©×¨×ª		linked list
×”Ö·×Ö²×–Ö¸× Ö¸×”		listening
×Ö·× Ö°×¢×•Ö¼×œ		lock
×‘Ö¼Ö´×©×Ö°×›Ö´×™×‘Ö¸×”		lying
×§×•Ö¹×¡Öµ×		magician, wizard
×Ö·×—Ö°×–Ö¸×§Ö¸×”		maintenance
×ªÖ¼Ö·×—Ö°×–×•Ö¼×§Ö¸×”	tachzukÃ 	maintenance
×ªÖ¼Ö´×Ö°×¨×•Ö¹×Ÿ		maneuver
×—Ö²×¦Ö´×™×•Ö¹×Ÿ		median
×©×›×œ×™		mental
×›Ö¼Ö¶×¤Ö¶×œ	kÃ¨fel	multiplication
×¨×¦×—× ×™		murderous
×¤Ö¸Ö¼×¢×•Ö¹×˜×•Ö¹×Ÿ		nursery
×œÖ´×©×Ö°×›Ö¼Ö¸×”	lishkÃ 	office
×–×§× ×”		old age
×—× ×™×™×”		parking
×—× ×™×•×Ÿ		parking lot
×Ö´×©Ö°×‚×¨Ö¸×” ×—Ö¶×œ×§Ö´×™×ª		part-time
×—Ö¶×œÖ°×§Ö´×™		partial
×—Ö¶×œ×§Ö´×™×ª		partially
××©×ª×ª×£		participant
×©××•Ö¼×ªÖ¼Ö¸×£	shutÃ f	partner, accomplice
× Ö´×œÖ°×”Ö¸×‘	nilhÃ v	pasisonate, enthusiastic
×Ö·×¢Ö²×‘Ö¸×¨		passage, transition
×¡Ö´×™×¡Ö°×Ö¸×”		password; slogan
× ×ª×™×‘		path
×©×‘×™×œ		path
×“Ö¼Ö°×¤×•Ö¼×¡	dfÃ¹s	pattern, template; printing
×¦×™×¨×•×£ ××™×œ×™×		phrase (combination of words)
×¨Ö¸×”Ö´×™×˜		piece of furniture
×Ö¸× Ö¸Ö¼×		please (formal)
×¨Ö·×¢Ö·×œ	rÃ 'al	poison
×¨Ö¸×¢Ö´×™×œ	ra'Ã¬l	poisonous
×”×¢×“×¤×”		preference
×Ö°×¢Ö·×‘Ö¼Öµ×“	me'abÃ¨d	processor
×Ö°×—Ö¸×Ö¸×”	mecha'Ã 	protest
×Ö·×‘ ×˜Ö´×™×¤Ö¼×•Ö¼×¡		prototype
×ª×›×œ×™×ª		purpose
×¨×•Ö¹×‘Ö·×¢		quarter, block, neighbourbood
×©××œ×•×Ÿ		questionnaire
××•×¨×		raised
×Ö·×§Ö°×¨Ö¸×Ö´×™Ö¼×•Ö¼×ª		randomness
×”×›×¨×”		recognition
×Ö°×’Ö·×™Ö¼Öµ×™×¡	megayÃ¨s	recruiter
×ªÖ¼Ö·×§Ö¼Ö¸× Ö¸×”		regulaion (legal)
×©×Ö´×—Ö°×¨×•Ö¼×¨	shichrÃ¹r	release; emancipation; liberation
× ×¦×™×’		representative
××•× ×™×˜×™×Ÿ		reputation
×“Ö¼Ö°×¨Ö´×™×©××•Ö¹×ª		requirements
×Ö°×¢Ö·×‘Ö¼Ö¶×“Ö¶×ª ×Ö¶×—Ö°×§Ö¸×¨		research lab
×Ö°× ×•Ö¼×—Ö¸×”		rest, relaxation
×ªÖ¼Ö°×—Ö´×™×™Ö¼Ö¸×”		revival, renaissance, resurrection
×Ö°×’×•Ö¼×—Ö¸×šÖ°	meguchÃ ch	ridiculous, absurd
×ªÖ·×¨Ö°× Ö°×’×•Ö¹×œ	tarnegÃ²l	rooster
×¡×™×‘×•×‘		rotation
×”×¨×•×¡		ruined
×©×Ö°××•Ö¼×¢Ö¸×”	shmu'Ã 	rumor
×”×§×¨×‘×”		sacrifice
×©×‚Ö¸×›Ö´×™×¨	sachÃ¬r	salaried worker
×Ö¸×œ×•Ö¼×—Ö·		salty
××–×›×™×¨×”		secretary (f.)
××–×›×™×¨		secretary (m.)
×Ö°×Ö·×‘Ö°×˜Öµ×—Ö·		security guard
×©××•Ö¹×œÖµ×—Ö·		sender
×‘× ×¤×¨×“ ×•×‘× ×˜×™×™×”		separately or conjugated
×‘Ö¼Ö·×“×œÖ¸×Ÿ		separatist
×‘Ö¼×•Ö¼×©×Ö¸×”	bushÃ 	shame
×Ö´×©×Ö°×Ö¶×¨Ö¶×ª		shift (work)
×™×©× ×•× ×™		sleepy
×Ö·×¡Ö°×¨Ö´×™×—Ö·	masrÃ¬ach	smelly
×¢Ö¸×©×Ö¸×Ÿ		smoke, fume
××¢×©×Ÿ		smoker
×’Ö¶×¨Ö¶×‘		sock
××›×•×¨		sold
×Ö´×™×—Ö°×¡×•Ö¼×Ÿ		storage
×“Ö¼Ö·×—Ö·×§	dÃ chak	stress, pressure
×Ö¸×ª×•Ö¼×—Ö·		stretced; tense, nervous
×©×‘×™×ª×”		strike (from work)
×ª×ª-×™×‘×©×ª		sub-continent
××—×œ×™×£		substitute
×—Ö´×™×¡Ö¼×•Ö¼×¨	chisÃ¹r	substraction
×”×ª××‘×“×•×ª		suicide
×“Ö·×¨×’Ö·×ª ×—×•Ö¹×		temperature
×Ö´×™×“Ö·×” ×”Ö·×—×•Ö¹×		temperature
×ªÖ°Ö¼×œÖ·×ª-×Ö°×Ö·×“Ö´Ö¼×™		three-dimensional
×œÖ°×”×•Ö¹×“×•Ö¹×ª		to admit; aknowledge, thank
×œÖ°×Ö·×Ö¼Öµ×¥		to adopt
×œÖ°×”Ö´×–Ö°×“Ö·×§Öµ×Ÿ		to age
×œÖ°×”Ö·×—Ö°×Ö´×™×¨		to aggravate
×œÖ°×›Ö·×•Ö¼Öµ×•Ö¹×Ÿ	lechavÃ¨n	to aim, direct
×œÖ°×”Ö·×¨Ö°×©××•Ö¹×ª		to allow
×œÖ°× Ö·×ªÖ¼Öµ×—Ö·	lenatÃ¨ach	to analyze; operate (med.)
×œÖ°×”Ö·×›Ö°×¨Ö´×™×–		to announce, declare, make public
×œÖ°×”Ö¸×©×Ö´×™×‘		to answer, reply
×œÖ°×©×Ö·×¢Öµ×¨		to assume, suppose, imagine
×œÖ´×›Ö°×¢×•Ö¹×¡		to be angry
×œÖ°×”Ö´×ªÖ°×—Ö·× Ö¼Öµ×šÖ°		to be educated
×œÖ°×”Ö´×ªÖ°×œÖ·×”Öµ×‘		to be enthusiastic
×œÖ°×”Ö´×ªÖ°×‘Ö¼Ö·×¦Ö¼Öµ×¢Ö·		to be executed, achieved
×œÖ°×”Ö·×Ö²×›Ö´×™×œ		to be fed
×œ×”×ª×’××©		to be flexible
×œÖ°×”Ö´×™×©Ö¸×›Ö·×—		to be forgotten
×œÖ°×”Öµ×™×Ö¸×¡Öµ×£		to be gathered / collected
×œÖ°×”Ö´×™×©×Ö¼Ö¸×Ö·×¢		to be heard; obey
×œÖ°×”Öµ×™×¢Ö¸×–Öµ×¨		to be helped
×œÖ°×”Ö´×™×¤Ö¸Ö¼×’Ö·×¢		to be hurt
×œÖ·×—Ö²×œ×•Ö¹×ª		to be ill
×œÖ°×”Ö´×ªÖ°×¤Ö¼Ö·×¢Öµ×œ		to be impressed, excited
×œÖ´× Ö°×˜×•Ö¹×ª		to be inclined, tend
×œÖ°×”Ö´×™×¤Ö¼Ö¸×¦Öµ×¢Ö·		to be injured
×œÖ°×”Öµ×™×”Ö¸×¨Öµ×’		to be killed
×œÖ°×”Öµ×™×¢Ö¸×–Öµ×‘		to be left behind
×œÖ°×”Ö´×™×“Ö¸×œÖµ×§		to be lit
×œÖ°×”Öµ×™×¨Ö¸×¦Ö·×—		to be murdered
×œÖ°×”Öµ×™×Ö¸×œÖµ×¥	lehe'alÃ¨tz	to be obliged, forced
×œÖ°×”Ö´×™×Ö¼Ö¸× Öµ×¢Ö·		to be prevented
×œÖ°×”Öµ×™×”Ö¸×’×•Ö¹×ª		to be pronounced
×œÖ°×”Ö´×ªÖ°×’Ö¼Ö¸××•Ö¹×ª		to be proud
×œÖ°×”Öµ×™×¨Ö¸×©×Öµ×		to be registered, be noted; subscribe
×œÖ°×”Ö´×™×ªÖ¼Ö¸×¤Öµ×©×‚		to be seen, perceived
×œÖ´×©Ö°×ª×•Ö¹×§		to be silent
×œÖ°×”Öµ×™×¢Ö¸×¦Öµ×¨		to be stopped / arrested
×œÖ°×”Ö´×™×œÖ¼Ö¸×§Öµ×—Ö·		to be taken
×œÖ°×”Ö´×©×Ö°×ªÖ¼Ö·×™×™Ö¼Öµ×šÖ°		to belong, be part of
×œÖ°×”Ö´×ªÖ°×¢Ö¸×¨Öµ×‘		to bet; intervene, get involved
×œÖ°×”Ö´×ªÖ°×¤Ö¼Ö¸×¨Öµ×§		to break into pieces
×œÖ°×”Öµ×™×¨Ö¸×’Öµ×¢Ö·		to calm down, relax
×œÖ°×”Ö¸×˜Ö´×™×œ		to cast, throw, lay (eggs)
×œÖ°×”Ö¸× Ö´×™×¢Ö·		to cause to move, motivate
×œÖ´×¦Ö°×‘Ö¼×•Ö¹×¢Ö·		to color, to paint
×œÖ°×©×Ö·×œÖ¼Öµ×‘		to combine, integrate
×œÖ´×¤Ö°×§×•Ö¹×“		to command, order
×œÖ°×”Ö´×ªÖ°×Ö·×‘Ö¼Öµ×“		to commit suicide
×œÖ°×ªÖ·×§Ö°×©×Öµ×¨		to communicate
×œÖ°×”Ö·×œÖ°×—Ö´×™×Ÿ		to compose music
×œÖ°×”Ö´×ªÖ°×¢Ö·×Ö¼Öµ×ª		to confront, face, deal
×œÖ°×§Ö¸×¨Öµ×¨		to cool
×œÖ°×”Ö·×§Ö°×“Ö¼Ö´×™×©×		to dedicate, devote
×œÖ°× Ö·×ªÖ¼Öµ×§	lenatÃ¨k	to disconnect, cut off, hang up
×œÖ°×”Ö·×‘Ö°×“Ö¼Ö´×™×œ		to distinguish, differentiate
×œÖ°×”Ö¸×§Öµ×œ		to ease, alleviate
×œÖ°×—Ö·× Öµ×š		to educate
×œÖ°×”Ö·×“Ö°×’Ö¼Ö´×™×©×		to emphasise, highlight
×œÖ°×”Ö·×¢Ö²×¡Ö´×™×§		to employ
×œÖ°×¡Ö·×›Ö¼Öµ×Ÿ		to endanger, risk
×œÖ¸×¦×•Ö¼×		to fast
×œÖ°×”Ö´×™×“Ö¼Ö¸×‘Öµ×§		to get infected
×œÖ°×”Ö´×ªÖ°×¤Ö¼Ö·×©×Ö¼Öµ×˜		to get undressed; spread
×œÖ°×”Ö´×ªÖ°×—Ö·×Öµ×		to get warm
×œÖ°×”Ö·×—×–Ö´×™×¨		to give back
×œÖ°×’Ö·×“Ö¼Öµ×œ		to grow, bring up
×œÖ°×©×‚×•Ö¹×—Öµ×—Ö·		to have a conversation
×œÖ¸×¦×•Ö¼×“		to hunt
×œÖ°×™Ö·×™×‘Ö¼Öµ×	leyabÃ¨	to import
×œÖ´×¨Ö°×‘Ö¼×•Ö¹×ª		to increase, multiple, be numerous
×œÖ°×¢Ö¸×¨Öµ×‘		to involve
×œÖ°×¢Ö·×¦Ö°×‘Ö¼Öµ×Ÿ		to irk, irritate, bother, anger
×œÖ°×”Ö·×¦Ö°×“Ö´×™×§		to justify
×œÖ°×”Ö·×©×Ö°×Ö´×™×œ		to lend, loan (thing)
×œÖ°×”Ö·×¤Ö°×—Ö´×™×ª		to lessen, decrease, substract
×œÖ°×”Ö·×Ö²×–Ö´×™×Ÿ		to listen (music, radio)
×œÖ°×”Ö·×›Ö°×¤Ö¼Ö´×™×œ	lehachpÃ¬l	to multiply
×œÖ°×¦Ö·×™×™Ö¼Öµ×Ÿ		to note, indicate, point out, mention
×œÖ°×”Ö·×‘Ö°×—Ö´×™×Ÿ		to notice, spot, distinguish
×œÖ°×¦Ö·×•Ö¼×•Ö¹×ª		to order, command
×œÖ°×Ö·×¨×’Öµ×Ÿ		to organise, arrange
×œÖ°×”Ö·×—Ö²× ×•Ö¹×ª		to park (car)
×œÖ°×˜Ö·×œÖ°×¤Öµ×Ÿ		to phone, call
×œÖ°×”Ö·×¢Ö²×Ö´×™×“		to place, position; place upright, erect
×œÖ¸×©××•Ö¼×‘		to return; do again
×œÖ°×’Ö·×œÖ°×’Ö¼Öµ×œ		to roll
×œÖ°×”Ö´×ªÖ°×’Ö·×œÖ°×’Öµ×œ		to roll
×œÖ°×—Ö·×‘Ö¼Öµ×œ		to sabotage
×œÖ°×§Ö·×“Ö¼Öµ×©×		to sanctify
×œÖ°×”Ö·×¦Ö¼Ö´×™×œ		to save
×œÖ°×”Ö·×¤Ö°×¨Ö´×™×“		to separate, differentiate
×œÖ°×§Ö·×¦Ö¼Öµ×¨		to shorten
×œÖ°×¢Ö·×©×Öµ×Ÿ		to smoke
×œÖ·×—Ö°×˜×•Ö¹×£		to snatch, kidnap
×œÖ°×”Ö·×¡Ö°×¨Ö´×™×—Ö·		to stink, smell
×œÖ´×©×Ö°×‘Ö¼×•Ö¹×ª		to strike
×œÖ°×”×•Ö¹×¨×•Ö¹×ª		to teach, lead, instruct
×œÖ´×‘Ö°×—×•Ö¹×Ÿ		to test, examine
×œÖ°×Ö·×™×™Ö¼Öµ×		to threaten, menace
×œÖ´×§Ö°×©××•Ö¹×¨		to tie, bind
×œÖ°×ªÖ·×™×™Ö¼Öµ×¨		to tour, do sightseeing
×œÖ°×”Ö·×“×œÖ´×™×§		to turn on, switch on
×œÖ°×Ö·×—Öµ×“		to unite
×œÖ°×©×Ö·×“Ö°×¨Öµ×’		to upgrade
×œÖ°×”Ö·×Ö°×ªÖ¼Ö´×™×Ÿ		to wait
×œÖ°×”Ö¸×¢Ö´×™×¨		to wake up; remark, comment
×œÖ°×›Ö·×‘Ö¼Öµ×¡		to wash, launder
×œÖ·×¢Ö²×˜×•Ö¹×£		to wrap
×›×‘×•×™		turned off
×Ö´×ªÖ·×—Ö·×ª ×œÖ°-		under, below
×ªÖ·×ª-×§Ö·×¨Ö°×§Ö¸×¢×™×ª		underground (f. adj)
×Ö°×©××•Ö¼×Ö¸×©×		used, secondhand
×©×Ö´××•Ö¼×©×Ö´×™		useful, handy
×‘Ö´Ö¼×–Ö°×‘Ö¼×•Ö¼×–		waste
×Ö·×¢Ö°×™Ö¸×™×Ÿ		water spring
×”Ö·×’Ö¼Ö¸×“Ö¸×” ×”××¢×¨×‘×™×ª		West Bank
×‘Ö¼Ö°×Ö´×¡×’Ö¶×¨Ö¶×ª		within
×‘Ö´Ö¼×œÖ°×¢Ö²×“Öµ×™		without
×¢Öµ×“		witness
×ªÖ¼Ö°×¤×•Ö¼×§Ö¸×”		yield, output, productivity
×”Ö¸×œÖ°×Ö¸×”		forward, further, away
×ªÖ¼Ö¸×“Ö´×™×¨	tadÃ¬r	frequent
×ª×•Ö¹×š ×›Ö°×“Öµ×™		in the process, during, while
×ª×•Ö¹×‘Ö¸× Ö¸×”		insight, understanding
×”Ö¶×¤Ö°×¡Öµ×“	hefsÃ¨d	loss, damage
×œÖ°×”Ö·×§Ö¼Ö´×™×©×	lehakÃ¬sh	to click, tap
×œÖ°×”Öµ×™×¨Ö¸×“Öµ×	leheradÃ¨m	to fall asleep
×œÖ°×”Ö·× Ö°×—×•Ö¹×ª		to guide, lead, instruct
×œÖ°×”Ö´×ªÖ°×—Ö·×‘Ö¼Öµ×	lehitchabÃ¨	to hide oneself
×œÖ·×—Ö²×¡×•Ö¹×šÖ°	lachasÃ²ch	to save (money)
×¦×•×•×ª ××™×•××Ÿ		trained staff
×ªÖ¼×•Ö¹×§Ö°×¤Ö¸× Ö´×™		aggressive
×œÖ°×¦Ö·×“		alongside, beside
×¢Öµ×¨		awake
×Ö°×Ö·×–Ö¼Öµ×Ÿ	me'azÃ¨n	balance, equilibrium
×¡×•Ö¹×œÖ°×œÖ¸×”	solelÃ 	battery
×ªÖ¼×•Ö¹×¢Ö¶×œÖ¶×ª	to'Ã¨let	benefit
×©×‘×™×¨×”		breaking
×¢Ö¸××•Ö¼×¡		busy
×¦Ö´×‘Ö°×™×•Ö¹×Ÿ	tzivyÃ²n	character, style
×Ö°×Ö·×Ö¼Öµ×Ÿ		coach, trainer
×Ö´×™×“Ö¼Ö·×‘Ö¼Öµ×§	midabÃ¨k	contageous
×Ö°×›×•Ö¼×œÖ¸×”		container
×§Ö´×™×‘Ö¼×•Ö¹×œÖ¶×ª	kibÃ²let	content, capacity
×ªÖ¼Ö°×›×•Ö¼×œÖ¸×”	tchulÃ 	content, capacity
×™×•×¦×¨		creator
×”×˜×™×™×”		declension (noun, adjective)
×”×¨×™×¡×”		demolition
×”Ö·××¨Ö¸×Ö¸×”		departure, take off, start
×ªÖ°×œ×•Ö¼×ª		dependency
××¢×•×¦×‘		designed
×Ö°×¢Ö·×¦Öµ×‘		designer
×¡Ö´×¤Ö°×¨Ö¸×”		digit
×¡×¤×¨×ª×™		digital
×—Ö¸×¨×•Ö¼×¥	charÃ¹tz	diligent
××•×¤×¨×¢		disturbed
××•Ö¼×¡Ö¸×¨ ×›Ö¸Ö¼×¤×•Ö¼×œ		double standard
×›Ö¼Ö¸×¤×•Ö¼×œ	kafÃ¹l	double, multiplied, times
×”×•×¨×“×”		download
×œ×‘×•×©		dressed
×Ö·×©××§Ö¶×”		drink, beverage
× ×”×•×’		driven
××›×™×œ		edible
×¢×¨×™×›×”		editing
×Ö°×—Ö·× Öµ×š		educator
×©×Ö·×’Ö°×¨Ö´×™×¨	shagrÃ¬r	embassador
×§×¡×•×		enchanted
×Ö·×¢Ö²×©×Ö´×™×¨	ma'ashÃ¬r	enriching
×”Ö´×ªÖ°×œÖ·×”Ö²×‘×•Ö¼×ª		enthusiasm
×Ö´×©×Ö°×•Ö¸×•Ö¹×Ö¸×”	mishva'Ã 	equation
×“Ö°Ö¼×¨Ö·×’Ö°× ×•Ö¹×¢Ö·		escalator
×™×¨×•×§ ×¢×“		evergreen
×¨×•Ö¹×¢Ö·		evil (noun)
×Ö°×¨×•Ö¼×©×Ö¼Ö¸×¢		evil, wicked, offensive
×”×—×œ×¤×”		exchange
×œÖ°×Ö·×¢Öµ×˜		excluding, except
×ªÖ¼×•Ö¹×—Ö¶×œÖ¶×ª	tochÃ¨let	expectancy
×™Ö°×¦×•Ö¼×		export
×™Ö°×¦×•Ö¼×Ö¸×Ÿ	yetzuÃ n	exporter
×—Ö¸×©×‚×•Ö¼×£	chasÃ¹f	exposed
×—×©×™×¤×”		exposure
×‘Ö¼Ö°×”Ö·×¨Ö°×—Ö¸×‘Ö¸×”		extensively
× Ö°×¤Ö´×™×œÖ¸×”		fall, collapse
×—Ö·×•×•Ö¸Ö¼×”		farm
×‘Ö¼Ö´×“Ö°×™×•Ö¹×Ÿ		fiction
×‘×“×™×•× ×™		fictional
××¨×™×‘×”		fight
×Ö·×¡Ö°× Öµ×Ÿ	masnÃ¨n	filter
×’Ö°Ö¼×Ö¸×¨		final, done
×œÖ°×‘Ö¸×¡×•Ö¹×£		finally
×›×¡×¤×™		financial
×Ö´×™×Ö¼×•Ö¼×Ÿ	mimÃ¹n	financing
×¡×•Ö¹×¤Ö´×™		finite
×©×¨×™×¤×”		fire
×›×‘××™×ª		fire truck
××•×¢×“×•×Ÿ ×”×›×•×©×¨		fitness club
××™×©×•×¨×™		flat, plane (adj.)
××•Ö¼×¦Ö¸×£		flooded, overwhelmed
×Ö°×¢×•Ö¹×¤Öµ×£	me'ofÃ¨f	flying
×Ö·×Ö²×›Ö¸×œ		food
×œÖ°×Ö·×¢Ö·×Ÿ ×”Ö·×©ÖµÖ¼××		for God's sake
×œÖ°×Ö·×¢Ö·×Ÿ	lemÃ an	for the sake of, with the intent
×¨Ö¸×¢Ö²× Ö¸×Ÿ		fresh
×™Ö°×“Ö´×™×“×•Ö¼×ªÖ´×™		friendly
×™×“×™×“×•×ª		friendship
×¢×¦×‘× ×™		furious
×›×¤×¤×”		glove
×—Ö´×™× Ö¸Ö¼× Ö´×™		graceful
××•Ö¼×‘×—Ö¸×¨		hand-picked, elite, premium, luxurious
×ª×œ×™×™×”		hanging
×Ö´×¤×§Ö¸×“Ö¸×”		headquarters
×Ö°×”Ö·×’Öµ×¨		immigrant
× Ö´×¤×’Ö¸×¢		injured (noun)
×¤Ö¼Ö°×¦Ö´×™×¢Ö¸×”		injury
×¤Ö°Ö¼×’Ö´×™×¢Ö¸×”		injury, harm, damage, hit, violation
×ª××™××•×ª		innocence
×ª××™×		innocent
×§Ö¶×œÖ¶×˜	kÃ¨let	input
××•Ö¼×ªÖ°×§Ö¸×Ÿ		installed
×¢Ö¶×¨Ö°×›Ö¼Ö¸×”	erkÃ 	kit, set
×Ö¶×Ö¶×©×		last night
××•Ö¹×¨Ö·×— ×—×™×™×		lifestyle
× ×•Ö¹×¢Ö¸×“		meant for, destined, intended
××“×™×“×”		measurement
×ªÖ¼Ö´×™×•Ö¼×•Ö¼×šÖ°	tivÃ¹ch	mediation
×—×•×¡×¨ ×”×ª×××”		mismatch, discrepancy
××•Ö¼×¨Ö°×’Ö¸×©×		noticeable, felt
×Ö°××•Ö¼×¡×¤Ö¼Ö¸×¨		numbered
×ª×œ×‘×•×©×ª		outfit
×¦Ö·×‘Ö¸Ö¼×¢Ö´×™		painter
×¤Ö¼Ö´×¡×§Ö¸×”		paragraph
×ª×•Ö¼×›Ö´Ö¼×™		parrot
×Ö·×¢Ö²×‘Ö·×¨ ×—Ö²×¦Ö´×™×™Ö¸×”		pedestrial crossing
×‘Ö¼Ö´×™×¦Ö¼×•Ö¼×¢Ö´×™×	bitzu'Ã¬m	performance
× Ö´×™×¦Ö¼Ö¸×‘	nitzÃ v	perpendicular
×›Ö¼×•Ö¹×›Ö·×‘ ×œÖ¶×›Ö¶×ª		planet (lit. walking star)
×ªÖ¼Ö·×§Ö°×“Ö¼Ö´×™×	takdÃ¬m	precedent
×¡Ö·×“Ö¼Öµ×¨ ×”Ö¸×¢Ö²×“Ö´×™×¤×•Ö¼×™Ö¼×•Ö¹×ª		priorities
×¢Ö²×“Ö´×™×¤×•Ö¼×ª		priority
×‘×™×ª ×”×•Ö¹×¦Ö¸×Ö¸×” ×œ××•×¨		publishing house
×˜Ö¸×”×•Ö¹×¨		pure
×Öµ×¨×•Ö¹×¥		race
×“Ö¼Ö·×¨Ö°×’Ö¼Ö¸×”	dargÃ 	rank (mil.), degree, grade
×“Öµ×™×¨×•Ö¼×’		rating, ranking
×›Ö¼×•Ö¹× Ö°× ×•Ö¼×ª		readiness, alertness
×ª×§×œ×™×˜		record
×©×Ö´×™×§×•Ö¼×		rehabilitation
×©Ö´××™×‘Ö¸×”		return
×©×‚Ö°×‘Ö´×™×¢×•Ö¼×ª ×¨Ö¸×¦×•Ö¹×Ÿ		satisfaction
×“Ö¼Ö¸×¤×•Ö¼×§		screwed up, messed up
×¤Ö¼Ö·×¡ ×’×œ×™×œ×”		scroll bar
×”Ö¶×œÖ¶×		shock
×”Ö¸××•Ö¼×	hamÃ¹m	shocked, stunned
×”Ö²×–Ö¸×–Ö¸×”		sliding, moving
×¨×™×—		smell
×‘Ö¼Ö°×”Ö¶×§Ö°×“Ö¼Öµ×		soon
××¢×‘×•×¨×ª ×—Ö¸×œÖ¸×œ		space shuttle
×¨Ö´×™×‘Ö¼×•Ö¼×¢Ö·		square (noun)
×ª×§× ×™		standard
×ªÖ¼Ö¶×§Ö¶×Ÿ	tÃ¨ken	standard, norm
×—Ö·×©×‚Ö°×¤Ö¸× ×•Ö¼×ª	chasfanÃ¹t	striptease
×›Ö°Ö¼×’×•Ö¹×Ÿ		such as, like
×Ö´×©××˜Ö¸×—		surface
×Ö´×ªÖ°×§Ö¶×¤Ö¶×ª ×”Ö·×¤Ö¶Ö¼×ªÖ·×¢		surprise attack
×›Ö¼Ö°× Ö´×™×¢Ö¸×”	kni'Ã 	surrender
××•Ö¼×§Ö¸×£		surrounded, encircled
×”Ö´×™×©×‚Ö¼Ö¸×¨Ö°×“×•Ö¼×ª	hisardÃ¹t	survival
×”Ö´×™×©×‚Ö¼Ö¸×¨Ö°×“×•Ö¼×ª ×”×—×–×§×™×		survival of the fittest
× Ö´×™×¦Ö¼×•Ö¹×œ		survivor
×˜×•Ö¹×‘Ö°×¢Ö¸× Ö´×™		swampy, marshy
×œÖ°×¦Ö·×¨Öµ×£		to attach
×œÖ¶×Ö±×¤×•Ö¹×ª		to bake
×œÖ°×”Ö´×ªÖ°×¢Ö·×¦Ö°×‘Ö¼Öµ×Ÿ		to became annoyed or irritated, get angry
×œÖ´×‘Ö°×’Ö¼×•Ö¹×“		to betray, cheat on (×‘-)
×œÖ°×‘Ö¸×¨Öµ×šÖ°		to bless, greet
×œÖ°×”Ö´×©×Ö°×ªÖ¼Ö·× ×•Ö¹×ª		to change oneself
×œÖ°×Ö·×¤Ö°×™×™Öµ×Ÿ		to characterize
×œÖ°×”Ö·×‘Ö°×”Ö´×™×¨		to clarify
×œÖ°×”Ö·×“Ö°×’Ö¼Ö´×™×		to demonstrate, illustrate
×œÖ´×¤Ö°×¨×•Ö¹×¡	lifrÃ²s	to deploy; spread, stretch out
×œÖ°×”Ö´×ªÖ°×’Ö¸×¨Öµ×©		to divorce
×œÖ°×ªÖ·×¢Öµ×“		to document
×œÖ°×”Ö·×¤Ö¼Ö´×™×œ		to drop; have an abortion
×œÖ°×›Ö·×™Ö¼Öµ×™×£		to enjoy oneself, have a good time
×œÖ°×¨Ö·×’Öµ×©		to excite
×œÖ°×’Ö¸×¨Öµ×©×		to expel, banish
×œÖ¸×¤×•Ö¼×’	lafÃ¹g	to expire
×œ×”×’×™×© ×ª×œ×•× ×”		to fill complaint
×œÖ°×¤Ö·×˜Ö¼Öµ×¨		to fire, lay off, dismiss
×œÖ´× Ö°×¤Ö¼×•Ö¹×©×		to go on vacation
×œÖ´×ªÖ°×œ×•Ö¹×ª		to hang
×œÖ´×¨Ö°××•Ö¹×–	lirmÃ²z	to hint, indicate
×œÖ´×§Ö°×¤Ö¼×•Ö¹×		to ice over, freeze, be frostbitten
×œÖ°×”Ö´×ªÖ°×¢Ö·×œÖ¼Öµ×		to ignore
×œÖ°×”Ö·×’Öµ×¨		to immigrate
×œÖ°×™Ö·×™×©×‚Ö¼Öµ×	leyasÃ¨m	to implement, apply
×œÖ·×—Ö°×¡×•Ö¹×¨		to lack, diminuish
×œÖ°×”Ö·×¢Ö²×Ö´×™×¡		to load
×œÖ°×Ö·×ªÖ¼Öµ×¨		to locate, localize
×œÖ°×”Ö·× Ö°×Ö´×™×šÖ°		to lower, diminuish
×œÖ°×Ö·×¤Ö°×©×Öµ×¨		to make possible, enable, let
×œÖ°×•×•Ö·×“Öµ×		to make sure, verify
×œÖ°×Ö·×™Ö¼Öµ×™×©×		to man, staff
×œÖ°×©×Ö·×•×•Ö¼Öµ×§		to market
×œÖ°×ªÖ·×•×•Ö¼Öµ×šÖ°		to mediate
×œÖ°×”Ö·×©×Ö°×§Ö´×™×£		to observe (from high place)
×œÖ°×”Ö´×ªÖ°×‘Ö¼×•Ö¹× Öµ×Ÿ		to observe, watch, examine
×œÖ°×Ö·×Ö¼Öµ×©×		to realize, make reality
×œÖ´×Ö°×¨×•Ö¹×“		to rebel, revolt
×œÖ°×”Ö·×‘Ö°×¨Ö´×™×		to recover (from illness)
×œÖ°×©×Ö·×—Ö°×¨Öµ×¨	leshachrÃ¨r	to release, free
×œÖ°×”Ö´×ªÖ°×¤Ö¼Ö·×˜Ö¼Öµ×¨		to resign, quit
×œÖ´×©×Ö°×“Ö¼×•Ö¹×“		to rob, plunder, steal
×œÖ´×Ö°×¡×•Ö¹×¨		to send (a message), transfer, deliver
×œÖ°×©×Ö·×’Ö¼Öµ×¨		to send, dispatch; launch (a rocket)
×œÖ°×§Ö·×œÖ¼Öµ×—Ö·		to shower, wash smb.
×œÖ´×˜Ö°×‘Ö¼×•Ö¹×¢Ö·	litbÃ²a	to sink, drown; mint
×œÖ´×Ö°×ªÖ¼×•Ö¹×—Ö·		to stretch
×œÖ´×¡Ö°×‘Ö¼×•Ö¹×œ		to suffer; bear, tollerate
×œÖ°×”Ö´×™×›Ö¼Ö¸× Öµ×¢Ö·	lehikanÃ¨a	to surrender, give up
×œÖ°×”Ö·×§Ö°×œÖ´×™×˜		to tape, record
×œÖ´×˜×¢×•Ö¹×		to taste
×œÖ¸×ªÖµ×ª ×ª×•Ö¹×§Ö¶×£		to validate
×¤Ö¼Ö¸×¢×•Ö¹×˜	pa'Ã²t	toddler
× Ö´×¡Ö°×‘Ö¸Ö¼×œ		tolerable
×¤Ö¼Ö´×¡Ö°×’Ö¼Ö¸×”		top (abstract); summit
×§Ö¸×¨×•Ö¼×¢Ö·	karÃ¹a	torn
×Ö¶×¨Ö°×—Ö¸×§ ×©×Ö¶×¢Ö¸×‘Ö¸×¨		traveled (past) distance
×ª×—×ª×•× ×™×		underpants
×’×•Ö¼×¤Ö´×™×™Ö¸×”		undershirt
×Ö¸×—Ö´×™×“		uniform, homogeneous
×™×™×—×•×“×™		unique
×©××•Ö¹×Öµ×‘ ×Ö¸×‘Ö¸×§		vacuum cleaner (lit. dust pumper)
×ªÖ¼Ö¸×§Öµ×£	takÃ¨f	valid
×Ö´×™×Ö¼×•Ö¼×ª	imÃ¹t	validation, verification
×¦××—×•× ×™		vegetarian
×¤Ö¼Ö°×¡Ö¸×§		verdict, decision
×Ö°××•Ö¼×Ö¸×ª		verified
×¤Ö¸Ö¼×’Ö´×™×¢Ö·		vulnerable
× ×™×¡×•×—		wording, drafting
×‘Ö¼Ö°×‘Ö·×ª ×Ö·×—Ö·×ª		at once
×Ö°×¦×•Ö¹×¨Ö¸×£	metzorÃ f	attached (to email)
××ª×—×ª ×œ×¤× ×™ ×”×©×˜×—		beneath the surface
×‘Ö¼Ö°×‘Ö´×™×¨×•Ö¼×¨		clearly, obviously
××•Ö¼×“Ö¸×¢×•Ö¼×ª ×”×¦Ö·×¨Ö°×›Ö¸× Ö´×™×		consumer awareness
×Ö°×”Ö·× Ö¶×”		enjoyable
×Ö·×¢Ö²×˜Ö¸×¤Ö¸×”	ma'atafÃ 	envelope
×©×¢×¨ ×—×œ×™×¤×™×Ÿ		exchange rate
×‘××™×–×• ×ª×“×™×¨×•×ª		how often
×‘Ö°Ö¼×Öµ×™×–×•Ö¹ ×ªÖ°Ö¼×›Ö´×™×¤×•Ö¼×ª		how often
×Ö°×§×•Ö¼Ö¸×•Ö¼×Ÿ	mekuvÃ n	online
×Ö´×¤Ö°×¨Ö¸×˜		specifications
×Ö´×©×Ö°×Ö¸×œÖ¸×”	mish'alÃ 	wish
×Ö´×™×—×•Ö¼×œ	ichÃ¹l	wish, greeting
×‘Ö¼Ö°×”Ö¶×ªÖ°×Öµ×		accordingly, depending on
×”Ö¶×™×›ÖµÖ¼×¨×•Ö¼×ª		acquaintance
×Ö·×›Ö¼Ö¸×¨		acquaintance
×¨Ö¸××©Öµ××™ ×ªÖµ×™×‘×•Ö¹×ª		acronym
×××•××¥		adopted
××™××•×¥		adoption
×‘××‘×˜ ×—×˜×•×£		at a glance
×¤Ö¼Ö·×¢Ö²××•Ö¹×Ÿ		bell, doorbell
×¡Ö·×¤Ö°×¡Ö¸×œ		bench
×ªÖ¼Ö·×§Ö°×¦Ö´×™×‘	taktzÃ¬v	budget
×Öµ×Öµ×œÖ¸×™×•		by itself
×Ö·×—Ö°×Ö¸×Ö¸×”		compliment
×Ö·×œÖ°×—Ö´×™×Ÿ		composer
×”Ö´×™×•Ö¼Ö¸×•Ö¹×¦Ö°×¨×•Ö¼×ª	hivatzrÃ¹t	creation, formation
×ªÖ·× Ö´×™×Ÿ		crocodile
×Ö·×›Ö°×–Ö¸×¨Ö´×™	achzarÃ¬	cruel, brutal
×’×•×¨		cub
×™Ö´×™×¢×•Ö¼×“Ö´×™	i'udi	dedicated. special, purpose-build
××•×’×“×¨		defined
×”Ö·×“×’Ö¸×Ö¸×”		demonstration, illustration
×”Ö²×¤Ö¸×¦Ö¸×”		distribution
×˜Ö°×‘Ö´×™×¢Ö¸×”		drown
×¡Ö´×™×•Ö¹×Ö¶×ª		ending, suffix
×”Ö¸×–Öµ×Ÿ ×§×œ×˜		enter input!
×™×•×–××”		enterprise
×ªÖ¼Ö°×¤×•Ö¼×’Ö¸×”		expiration
×ª××¨×™×š ×ªÖ¼Ö°×¤×•Ö¼×’Ö¸×”		expiration date
×¤×’ ×ªÖ¼×•Ö¹×§Ö¶×£		expired
×Ö°×¤×•Ö¹×¨Ö¸×©×		explicit
×‘Ö¼Ö´×Ö°×¤×•Ö¹×¨Ö¸×©×		explicitly
×¤Ö¼Ö´×™×¦Ö¼×•Ö¼×¥	pitzÃ¹tz	explosion
× ×•×¤×œ		fallen (in a war)
×’Ö¼Ö¸×Ö´×™×©×	gamÃ¬sh	flexible
×Ö´×–Ö°×¨Ö¸×§Ö¸×”	mizrakÃ 	fountain
×©××•Ö¼×¢Ö¸×œ		fox
×¤Ö¼Ö·×˜Ö¼Ö´×™×©×		hammer
×¡×•Ö¼×œÖ¸×		ladder
×›Ö¼Ö¸×œ ×©×Ö¶×›Ö¼Öµ×Ÿ		let alone, not to mention
××•Ö¹×ªÖ¸×¨×•Ö¹×ª		luxury
×§Ö¸×¦Ö´×™×Ÿ		military officier
×¦Ö·×¨		narrow
×Ö´×™×©××•Ö¹×¨		plane (geom.)
×ªÖ¼Ö·×¢Ö²× ×•Ö¼×’		pleasure, delight
×§×“×-×”×¤×¦×”		pre-release
×“Öµ×¢Ö¸×” ×§Ö°×“×•Ö¼×Ö¸×”		prejudice
×›ÖµÖ¼×œÖµ×		prison
×¤×¨×˜×™×•×ª		privacy
×˜Ö·×™Ö¶×™×œÖ¶×ª		promenade
×§Ö´×¨Ö°×‘Ö¸×”		proximity
×‘Ö¼Öµ×™×ª ×Ö¶×¨×—Ö¸×¥		public bath
×Ö·×©×Ö°×Öµ×‘Ö¸×”	mash'evÃ 	pump
×—Ö´×™×“Ö¸×”		puzzle, riddle
×©×Ö´×™×—Ö°×–×•Ö¼×¨		reconstruction
×ªÖ¼Ö·×¨Ö°×—Ö´×™×©×	tarchÃ¬sh	scenario
×ªÖ¼Ö·×¡Ö°×¨Ö´×™×˜	tasrÃ¬t	screenplay
×¡Ö°×¢Ö´×™×£		section, article, clause
×ª×•×›× ×™×ª ×”×”×ª×§× ×”		setup, installer
×ª×•×¤×¢×•×ª ×œ×•×•××™		side effects
×ªÖ¼Ö¸×		sincere, innocent, honest; naive
×¨×™×‘×•× ×™		sovereign
×¨Ö´×‘Ö¼×•Ö¹× ×•Ö¼×ª		sovereignty
×—Ö²×œÖ¸×œÖ´×™×ª		spaceship
×¦×•Ö¹×œÖ¶×œÖ¶×ª		submarine (she dives)
×—Ö¸×©××•Ö¼×“		suspect
×—Ö²×©×Ö¸×“		suspicion
×œÖ°×¨Ö·×›Ö¼Öµ×–		to assemble, concentrate
×œÖ°×”Ö·×¨Ö°×›Ö¼Ö´×™×‘		to assemble, put together
×œÖ´×¨Ö°×“Ö¼×•Ö¹×£	lirdÃ²f	to chase
×œÖ´×§×¨×•Ö¹×¡		to collapse
×œÖ°×©×Ö·×›Ö°×¤Ö¼Öµ×œ		to duplicate, copy
×œÖ°×”Ö·×’Ö°×–Ö´×™×		to exaggerate
×œÖ°×§Ö·×©×Ö°×§Öµ×©×		to have a smalltalk
×œÖ°×¨Ö·×¤Ö¼Öµ×		to heal, cure someone
×œÖ°×”Ö·×—Ö°×œÖ´×™×		to heal, recover (from illness)
×œÖ°×”Ö´×¡Ö°×ªÖ¼Ö·×ªÖ¼Öµ×¨		to hide (oneself)
×œÖ´×™×–×•Ö¹×		to initiate
×œÖ´×“Ö°×¤Ö¼×•Ö¹×§		to knock
×œÖ°×”Ö·×ªÖ¼Ö´×™×šÖ°		to melt metal
×œÖ°×›Ö·× ×•Ö¹×ª		to name
×œÖ¸×˜Ö·×¢Ö·×ª		to plant (a tree)
×œÖ°×”Ö·×¨Ö°×¢Ö´×™×œ		to poison
×œÖ´×¤Ö°×¨×•Ö¹×©×		to quit, retire, withdraw
×œÖ°×©×Ö·×§Ö¼Öµ×£		to reflect
×œÖ°×©×Ö·×¤Ö¼Öµ×¥		to renovate
×œÖ´×–×¢×•Ö¹×§		to scream, cry
×œÖ°×›Ö·×”Öµ×Ÿ		to serve as, hold office
×œÖ°×”Ö´×ªÖ°×’Ö¼Ö·×œÖ¼Öµ×©×		to slide (playground)
×œÖ°×”Ö¸×¨Ö´×™×—Ö·		to smell
×œ×”×™×©××¨ ×¢Öµ×¨		to stay awake
×œÖ°×”Ö·×©×Ö°×‘Ö¼Ö´×™×ª		to stop working, strike
×œÖ´×–Ö°×¨×•Ö¹×		to stream, flow
×œÖ°×¡Ö·×›Ö¼Öµ×		to summarize, conclude
×œÖ°×”Ö·×§Ö¼Ö´×™×£		to surround, encircle
×œÖ´×¤Ö°×¨×•Ö¹×§		to unpack, unload
×œÖ¸×¡Ö¶×’Ö¶×ª	lasÃ¨get	to withdraw, retreat
×¤Ö¼Ö°×§Ö¸×§		traffic jam; cork
×©×Ö´×“Ö°×¨×•Ö¼×’		upgrade
×ªÖ¼Ö°×©×‚×•Ö¼×Ö¸×”		yield, return of investment
×Ö·×¢Ö²×©×‚Ö´×™×™Ö¸×”		fairy tale
×¢×™×§×¨ ×•×˜×¤×œ		main and secondary blessing (relig.)
×Ö°×ª×•Ö¹×Ö¸×		coordinated
×ªÖ¼Öµ×™××•Ö¼×		coordination
×œÖ´×¦Ö°×‘Ö¼×•Ö¹×¨		to accumuate, amass
×œÖ°×ªÖ¸×Öµ×		to coordinate
×¢Ö¸×˜×•Ö¼×£		wrapped
×Ö´×¡Ö°×“Ö¼Ö°×¨×•Ö¹×Ÿ	misderÃ²n	corridor
×¢Ö·×œ ×Ö°× Ö¸×ª		in order to
×¢×“ ×›×”		so far
×©×Ö°×Ö´×™×¤Ö¸×”		ambition, inspiration, inhalation
×”Ö·×©×Ö°×¨Ö¸×Ö¸×”		inspiration